system:index,Supf_km2,burned_pixels,fna,nam,year,.geo
0_00000000000000000000,206,0.0,Ciudad Autónoma de Buenos Aires,Ciudad Autónoma de Buenos Aires,2000.0,"{""type"":""MultiPoint"",""coordinates"":[]}"
0_00000000000000000001,94365,35.0,Provincia del Neuquén,Neuquén,2000.0,"{""type"":""MultiPoint"",""coordinates"":[]}"
0_00000000000000000002,75564,9502.368627450984,Provincia de San Luis,San Luis,2000.0,"{""type"":""MultiPoint"",""coordinates"":[]}"
0_00000000000000000003,133296,1033.556862745098,Provincia de Santa Fe,Santa Fe,2000.0,"{""type"":""MultiPoint"",""coordinates"":[]}"
0_00000000000000000004,91414,0.0,Provincia de La Rioja,La Rioja,2000.0,"{""type"":""MultiPoint"",""coordinates"":[]}"
0_00000000000000000005,101486,62.0,Provincia de Catamarca,Catamarca,2000.0,"{""type"":""MultiPoint"",""coordinates"":[]}"
0_00000000000000000006,22599,88.0,Provincia de Tucumán,Tucumán,2000.0,"{""type"":""MultiPoint"",""coordinates"":[]}"
0_00000000000000000007,99778,793.0,Provincia del Chaco,Chaco,2000.0,"{""type"":""MultiPoint"",""coordinates"":[]}"
0_00000000000000000008,75476,532.4196078431373,Provincia de Formosa,Formosa,2000.0,"{""type"":""MultiPoint"",""coordinates"":[]}"
0_00000000000000000009,244386,58.0,Provincia de Santa Cruz,Santa Cruz,2000.0,"{""type"":""MultiPoint"",""coordinates"":[]}"
0_0000000000000000000a,224378,0.0,Provincia del Chubut,Chubut,2000.0,"{""type"":""MultiPoint"",""coordinates"":[]}"
0_0000000000000000000b,149089,22011.811764705886,Provincia de Mendoza,Mendoza,2000.0,"{""type"":""MultiPoint"",""coordinates"":[]}"
0_0000000000000000000c,78389,39.0,Provincia de Entre Ríos,Entre Ríos,2000.0,"{""type"":""MultiPoint"",""coordinates"":[]}"
0_0000000000000000000d,88371,0.0,Provincia de San Juan,San Juan,2000.0,"{""type"":""MultiPoint"",""coordinates"":[]}"
0_0000000000000000000e,53240,73.0,Provincia de Jujuy,Jujuy,2000.0,"{""type"":""MultiPoint"",""coordinates"":[]}"
0_0000000000000000000f,136990,1718.9960784313726,Provincia de Santiago del Estero,Santiago del Estero,2000.0,"{""type"":""MultiPoint"",""coordinates"":[]}"
0_00000000000000000010,202225,1354.4745098039216,Provincia de Río Negro,Río Negro,2000.0,"{""type"":""MultiPoint"",""coordinates"":[]}"
0_00000000000000000011,89125,244.26666666666665,Provincia de Corrientes,Corrientes,2000.0,"{""type"":""MultiPoint"",""coordinates"":[]}"
0_00000000000000000012,29907,0.0,Provincia de Misiones,Misiones,2000.0,"{""type"":""MultiPoint"",""coordinates"":[]}"
0_00000000000000000013,155369,2197.0039215686274,Provincia de Salta,Salta,2000.0,"{""type"":""MultiPoint"",""coordinates"":[]}"
0_00000000000000000014,164670,185.95686274509802,Provincia de Córdoba,Córdoba,2000.0,"{""type"":""MultiPoint"",""coordinates"":[]}"
0_00000000000000000015,306127,2320.0,Provincia de Buenos Aires,Buenos Aires,2000.0,"{""type"":""MultiPoint"",""coordinates"":[]}"
0_00000000000000000016,143211,54005.85490196078,Provincia de La Pampa,La Pampa,2000.0,"{""type"":""MultiPoint"",""coordinates"":[]}"
0_00000000000000000017,32820,0.0,"Provincia de Tierra del Fuego, Antártida e Islas del Atlántico Sur","Tierra del Fuego, Antártida e Islas del Atlántico Sur",2000.0,"{""type"":""MultiPoint"",""coordinates"":[]}"
1_00000000000000000000,206,0.0,Ciudad Autónoma de Buenos Aires,Ciudad Autónoma de Buenos Aires,2001.0,"{""type"":""MultiPoint"",""coordinates"":[]}"
1_00000000000000000001,94365,1647.1098039215688,Provincia del Neuquén,Neuquén,2001.0,"{""type"":""MultiPoint"",""coordinates"":[]}"
1_00000000000000000002,75564,24108.254901960776,Provincia de San Luis,San Luis,2001.0,"{""type"":""MultiPoint"",""coordinates"":[]}"
1_00000000000000000003,133296,7631.721568627449,Provincia de Santa Fe,Santa Fe,2001.0,"{""type"":""MultiPoint"",""coordinates"":[]}"
1_00000000000000000004,91414,4355.63137254902,Provincia de La Rioja,La Rioja,2001.0,"{""type"":""MultiPoint"",""coordinates"":[]}"
1_00000000000000000005,101486,1258.2745098039215,Provincia de Catamarca,Catamarca,2001.0,"{""type"":""MultiPoint"",""coordinates"":[]}"
1_00000000000000000006,22599,2812.533333333333,Provincia de Tucumán,Tucumán,2001.0,"{""type"":""MultiPoint"",""coordinates"":[]}"
1_00000000000000000007,99778,28242.10588235293,Provincia del Chaco,Chaco,2001.0,"{""type"":""MultiPoint"",""coordinates"":[]}"
1_00000000000000000008,75476,32051.180392156868,Provincia de Formosa,Formosa,2001.0,"{""type"":""MultiPoint"",""coordinates"":[]}"
1_00000000000000000009,244386,641.7882352941176,Provincia de Santa Cruz,Santa Cruz,2001.0,"{""type"":""MultiPoint"",""coordinates"":[]}"
1_0000000000000000000a,224378,2420.0941176470587,Provincia del Chubut,Chubut,2001.0,"{""type"":""MultiPoint"",""coordinates"":[]}"
1_0000000000000000000b,149089,29793.13725490196,Provincia de Mendoza,Mendoza,2001.0,"{""type"":""MultiPoint"",""coordinates"":[]}"
1_0000000000000000000c,78389,211.69803921568626,Provincia de Entre Ríos,Entre Ríos,2001.0,"{""type"":""MultiPoint"",""coordinates"":[]}"
1_0000000000000000000d,88371,57.07843137254902,Provincia de San Juan,San Juan,2001.0,"{""type"":""MultiPoint"",""coordinates"":[]}"
1_0000000000000000000e,53240,2051.5254901960784,Provincia de Jujuy,Jujuy,2001.0,"{""type"":""MultiPoint"",""coordinates"":[]}"
1_0000000000000000000f,136990,17077.333333333336,Provincia de Santiago del Estero,Santiago del Estero,2001.0,"{""type"":""MultiPoint"",""coordinates"":[]}"
1_00000000000000000010,202225,39140.623529411794,Provincia de Río Negro,Río Negro,2001.0,"{""type"":""MultiPoint"",""coordinates"":[]}"
1_00000000000000000011,89125,6306.1019607843145,Provincia de Corrientes,Corrientes,2001.0,"{""type"":""MultiPoint"",""coordinates"":[]}"
1_00000000000000000012,29907,100.03137254901961,Provincia de Misiones,Misiones,2001.0,"{""type"":""MultiPoint"",""coordinates"":[]}"
1_00000000000000000013,155369,8990.788235294118,Provincia de Salta,Salta,2001.0,"{""type"":""MultiPoint"",""coordinates"":[]}"
1_00000000000000000014,164670,3126.156862745098,Provincia de Córdoba,Córdoba,2001.0,"{""type"":""MultiPoint"",""coordinates"":[]}"
1_00000000000000000015,306127,6317.733333333336,Provincia de Buenos Aires,Buenos Aires,2001.0,"{""type"":""MultiPoint"",""coordinates"":[]}"
1_00000000000000000016,143211,140636.62352941182,Provincia de La Pampa,La Pampa,2001.0,"{""type"":""MultiPoint"",""coordinates"":[]}"
1_00000000000000000017,32820,307.69803921568626,"Provincia de Tierra del Fuego, Antártida e Islas del Atlántico Sur","Tierra del Fuego, Antártida e Islas del Atlántico Sur",2001.0,"{""type"":""MultiPoint"",""coordinates"":[]}"
2_00000000000000000000,206,0.0,Ciudad Autónoma de Buenos Aires,Ciudad Autónoma de Buenos Aires,2002.0,"{""type"":""MultiPoint"",""coordinates"":[]}"
2_00000000000000000001,94365,1546.0,Provincia del Neuquén,Neuquén,2002.0,"{""type"":""MultiPoint"",""coordinates"":[]}"
2_00000000000000000002,75564,28163.28627450981,Provincia de San Luis,San Luis,2002.0,"{""type"":""MultiPoint"",""coordinates"":[]}"
2_00000000000000000003,133296,15048.815686274516,Provincia de Santa Fe,Santa Fe,2002.0,"{""type"":""MultiPoint"",""coordinates"":[]}"
2_00000000000000000004,91414,1431.2117647058824,Provincia de La Rioja,La Rioja,2002.0,"{""type"":""MultiPoint"",""coordinates"":[]}"
2_00000000000000000005,101486,6424.835294117647,Provincia de Catamarca,Catamarca,2002.0,"{""type"":""MultiPoint"",""coordinates"":[]}"
2_00000000000000000006,22599,7353.596078431375,Provincia de Tucumán,Tucumán,2002.0,"{""type"":""MultiPoint"",""coordinates"":[]}"
2_00000000000000000007,99778,8135.8666666666695,Provincia del Chaco,Chaco,2002.0,"{""type"":""MultiPoint"",""coordinates"":[]}"
2_00000000000000000008,75476,10386.015686274512,Provincia de Formosa,Formosa,2002.0,"{""type"":""MultiPoint"",""coordinates"":[]}"
2_00000000000000000009,244386,56.0,Provincia de Santa Cruz,Santa Cruz,2002.0,"{""type"":""MultiPoint"",""coordinates"":[]}"
2_0000000000000000000a,224378,1611.5215686274507,Provincia del Chubut,Chubut,2002.0,"{""type"":""MultiPoint"",""coordinates"":[]}"
2_0000000000000000000b,149089,12197.117647058823,Provincia de Mendoza,Mendoza,2002.0,"{""type"":""MultiPoint"",""coordinates"":[]}"
2_0000000000000000000c,78389,1086.4117647058824,Provincia de Entre Ríos,Entre Ríos,2002.0,"{""type"":""MultiPoint"",""coordinates"":[]}"
2_0000000000000000000d,88371,1267.2313725490196,Provincia de San Juan,San Juan,2002.0,"{""type"":""MultiPoint"",""coordinates"":[]}"
2_0000000000000000000e,53240,3191.866666666667,Provincia de Jujuy,Jujuy,2002.0,"{""type"":""MultiPoint"",""coordinates"":[]}"
2_0000000000000000000f,136990,38302.32549019606,Provincia de Santiago del Estero,Santiago del Estero,2002.0,"{""type"":""MultiPoint"",""coordinates"":[]}"
2_00000000000000000010,202225,12327.776470588236,Provincia de Río Negro,Río Negro,2002.0,"{""type"":""MultiPoint"",""coordinates"":[]}"
2_00000000000000000011,89125,19732.66666666666,Provincia de Corrientes,Corrientes,2002.0,"{""type"":""MultiPoint"",""coordinates"":[]}"
2_00000000000000000012,29907,89.0,Provincia de Misiones,Misiones,2002.0,"{""type"":""MultiPoint"",""coordinates"":[]}"
2_00000000000000000013,155369,9426.603921568629,Provincia de Salta,Salta,2002.0,"{""type"":""MultiPoint"",""coordinates"":[]}"
2_00000000000000000014,164670,8829.333333333334,Provincia de Córdoba,Córdoba,2002.0,"{""type"":""MultiPoint"",""coordinates"":[]}"
2_00000000000000000015,306127,4635.5568627450975,Provincia de Buenos Aires,Buenos Aires,2002.0,"{""type"":""MultiPoint"",""coordinates"":[]}"
2_00000000000000000016,143211,44813.2117647059,Provincia de La Pampa,La Pampa,2002.0,"{""type"":""MultiPoint"",""coordinates"":[]}"
2_00000000000000000017,32820,136.2,"Provincia de Tierra del Fuego, Antártida e Islas del Atlántico Sur","Tierra del Fuego, Antártida e Islas del Atlántico Sur",2002.0,"{""type"":""MultiPoint"",""coordinates"":[]}"
3_00000000000000000000,206,0.0,Ciudad Autónoma de Buenos Aires,Ciudad Autónoma de Buenos Aires,2003.0,"{""type"":""MultiPoint"",""coordinates"":[]}"
3_00000000000000000001,94365,973.2980392156862,Provincia del Neuquén,Neuquén,2003.0,"{""type"":""MultiPoint"",""coordinates"":[]}"
3_00000000000000000002,75564,30500.270588235308,Provincia de San Luis,San Luis,2003.0,"{""type"":""MultiPoint"",""coordinates"":[]}"
3_00000000000000000003,133296,25017.38431372549,Provincia de Santa Fe,Santa Fe,2003.0,"{""type"":""MultiPoint"",""coordinates"":[]}"
3_00000000000000000004,91414,3726.3568627450977,Provincia de La Rioja,La Rioja,2003.0,"{""type"":""MultiPoint"",""coordinates"":[]}"
3_00000000000000000005,101486,4502.215686274508,Provincia de Catamarca,Catamarca,2003.0,"{""type"":""MultiPoint"",""coordinates"":[]}"
3_00000000000000000006,22599,7172.054901960783,Provincia de Tucumán,Tucumán,2003.0,"{""type"":""MultiPoint"",""coordinates"":[]}"
3_00000000000000000007,99778,29762.45882352939,Provincia del Chaco,Chaco,2003.0,"{""type"":""MultiPoint"",""coordinates"":[]}"
3_00000000000000000008,75476,33193.58039215687,Provincia de Formosa,Formosa,2003.0,"{""type"":""MultiPoint"",""coordinates"":[]}"
3_00000000000000000009,244386,1258.0,Provincia de Santa Cruz,Santa Cruz,2003.0,"{""type"":""MultiPoint"",""coordinates"":[]}"
3_0000000000000000000a,224378,1375.662745098039,Provincia del Chubut,Chubut,2003.0,"{""type"":""MultiPoint"",""coordinates"":[]}"
3_0000000000000000000b,149089,23574.16470588236,Provincia de Mendoza,Mendoza,2003.0,"{""type"":""MultiPoint"",""coordinates"":[]}"
3_0000000000000000000c,78389,624.0,Provincia de Entre Ríos,Entre Ríos,2003.0,"{""type"":""MultiPoint"",""coordinates"":[]}"
3_0000000000000000000d,88371,746.0,Provincia de San Juan,San Juan,2003.0,"{""type"":""MultiPoint"",""coordinates"":[]}"
3_0000000000000000000e,53240,2924.2039215686273,Provincia de Jujuy,Jujuy,2003.0,"{""type"":""MultiPoint"",""coordinates"":[]}"
3_0000000000000000000f,136990,45747.35294117642,Provincia de Santiago del Estero,Santiago del Estero,2003.0,"{""type"":""MultiPoint"",""coordinates"":[]}"
3_00000000000000000010,202225,13999.294117647058,Provincia de Río Negro,Río Negro,2003.0,"{""type"":""MultiPoint"",""coordinates"":[]}"
3_00000000000000000011,89125,17674.992156862747,Provincia de Corrientes,Corrientes,2003.0,"{""type"":""MultiPoint"",""coordinates"":[]}"
3_00000000000000000012,29907,306.47843137254904,Provincia de Misiones,Misiones,2003.0,"{""type"":""MultiPoint"",""coordinates"":[]}"
3_00000000000000000013,155369,9766.176470588234,Provincia de Salta,Salta,2003.0,"{""type"":""MultiPoint"",""coordinates"":[]}"
3_00000000000000000014,164670,9972.286274509806,Provincia de Córdoba,Córdoba,2003.0,"{""type"":""MultiPoint"",""coordinates"":[]}"
3_00000000000000000015,306127,12549.447058823522,Provincia de Buenos Aires,Buenos Aires,2003.0,"{""type"":""MultiPoint"",""coordinates"":[]}"
3_00000000000000000016,143211,30704.70196078433,Provincia de La Pampa,La Pampa,2003.0,"{""type"":""MultiPoint"",""coordinates"":[]}"
3_00000000000000000017,32820,0.0,"Provincia de Tierra del Fuego, Antártida e Islas del Atlántico Sur","Tierra del Fuego, Antártida e Islas del Atlántico Sur",2003.0,"{""type"":""MultiPoint"",""coordinates"":[]}"
4_00000000000000000000,206,0.0,Ciudad Autónoma de Buenos Aires,Ciudad Autónoma de Buenos Aires,2004.0,"{""type"":""MultiPoint"",""coordinates"":[]}"
4_00000000000000000001,94365,941.0745098039215,Provincia del Neuquén,Neuquén,2004.0,"{""type"":""MultiPoint"",""coordinates"":[]}"
4_00000000000000000002,75564,2937.078431372549,Provincia de San Luis,San Luis,2004.0,"{""type"":""MultiPoint"",""coordinates"":[]}"
4_00000000000000000003,133296,39243.40000000001,Provincia de Santa Fe,Santa Fe,2004.0,"{""type"":""MultiPoint"",""coordinates"":[]}"
4_00000000000000000004,91414,1424.0,Provincia de La Rioja,La Rioja,2004.0,"{""type"":""MultiPoint"",""coordinates"":[]}"
4_00000000000000000005,101486,2209.619607843137,Provincia de Catamarca,Catamarca,2004.0,"{""type"":""MultiPoint"",""coordinates"":[]}"
4_00000000000000000006,22599,7614.741176470588,Provincia de Tucumán,Tucumán,2004.0,"{""type"":""MultiPoint"",""coordinates"":[]}"
4_00000000000000000007,99778,27873.066666666655,Provincia del Chaco,Chaco,2004.0,"{""type"":""MultiPoint"",""coordinates"":[]}"
4_00000000000000000008,75476,19507.952941176474,Provincia de Formosa,Formosa,2004.0,"{""type"":""MultiPoint"",""coordinates"":[]}"
4_00000000000000000009,244386,567.1372549019608,Provincia de Santa Cruz,Santa Cruz,2004.0,"{""type"":""MultiPoint"",""coordinates"":[]}"
4_0000000000000000000a,224378,522.0,Provincia del Chubut,Chubut,2004.0,"{""type"":""MultiPoint"",""coordinates"":[]}"
4_0000000000000000000b,149089,2834.392156862745,Provincia de Mendoza,Mendoza,2004.0,"{""type"":""MultiPoint"",""coordinates"":[]}"
4_0000000000000000000c,78389,7771.364705882353,Provincia de Entre Ríos,Entre Ríos,2004.0,"{""type"":""MultiPoint"",""coordinates"":[]}"
4_0000000000000000000d,88371,229.65490196078431,Provincia de San Juan,San Juan,2004.0,"{""type"":""MultiPoint"",""coordinates"":[]}"
4_0000000000000000000e,53240,2351.8,Provincia de Jujuy,Jujuy,2004.0,"{""type"":""MultiPoint"",""coordinates"":[]}"
4_0000000000000000000f,136990,42699.70588235296,Provincia de Santiago del Estero,Santiago del Estero,2004.0,"{""type"":""MultiPoint"",""coordinates"":[]}"
4_00000000000000000010,202225,857.0,Provincia de Río Negro,Río Negro,2004.0,"{""type"":""MultiPoint"",""coordinates"":[]}"
4_00000000000000000011,89125,22086.992156862743,Provincia de Corrientes,Corrientes,2004.0,"{""type"":""MultiPoint"",""coordinates"":[]}"
4_00000000000000000012,29907,127.31372549019608,Provincia de Misiones,Misiones,2004.0,"{""type"":""MultiPoint"",""coordinates"":[]}"
4_00000000000000000013,155369,9509.827450980394,Provincia de Salta,Salta,2004.0,"{""type"":""MultiPoint"",""coordinates"":[]}"
4_00000000000000000014,164670,3656.0156862745102,Provincia de Córdoba,Córdoba,2004.0,"{""type"":""MultiPoint"",""coordinates"":[]}"
4_00000000000000000015,306127,5971.78431372549,Provincia de Buenos Aires,Buenos Aires,2004.0,"{""type"":""MultiPoint"",""coordinates"":[]}"
4_00000000000000000016,143211,11286.823529411766,Provincia de La Pampa,La Pampa,2004.0,"{""type"":""MultiPoint"",""coordinates"":[]}"
4_00000000000000000017,32820,38.0,"Provincia de Tierra del Fuego, Antártida e Islas del Atlántico Sur","Tierra del Fuego, Antártida e Islas del Atlántico Sur",2004.0,"{""type"":""MultiPoint"",""coordinates"":[]}"
5_00000000000000000000,206,0.0,Ciudad Autónoma de Buenos Aires,Ciudad Autónoma de Buenos Aires,2005.0,"{""type"":""MultiPoint"",""coordinates"":[]}"
5_00000000000000000001,94365,1057.6745098039214,Provincia del Neuquén,Neuquén,2005.0,"{""type"":""MultiPoint"",""coordinates"":[]}"
5_00000000000000000002,75564,8755.792156862743,Provincia de San Luis,San Luis,2005.0,"{""type"":""MultiPoint"",""coordinates"":[]}"
5_00000000000000000003,133296,26434.850980392173,Provincia de Santa Fe,Santa Fe,2005.0,"{""type"":""MultiPoint"",""coordinates"":[]}"
5_00000000000000000004,91414,186.89803921568628,Provincia de La Rioja,La Rioja,2005.0,"{""type"":""MultiPoint"",""coordinates"":[]}"
5_00000000000000000005,101486,1414.3529411764705,Provincia de Catamarca,Catamarca,2005.0,"{""type"":""MultiPoint"",""coordinates"":[]}"
5_00000000000000000006,22599,7236.494117647059,Provincia de Tucumán,Tucumán,2005.0,"{""type"":""MultiPoint"",""coordinates"":[]}"
5_00000000000000000007,99778,11458.705882352948,Provincia del Chaco,Chaco,2005.0,"{""type"":""MultiPoint"",""coordinates"":[]}"
5_00000000000000000008,75476,16527.231372549017,Provincia de Formosa,Formosa,2005.0,"{""type"":""MultiPoint"",""coordinates"":[]}"
5_00000000000000000009,244386,299.16078431372546,Provincia de Santa Cruz,Santa Cruz,2005.0,"{""type"":""MultiPoint"",""coordinates"":[]}"
5_0000000000000000000a,224378,435.0,Provincia del Chubut,Chubut,2005.0,"{""type"":""MultiPoint"",""coordinates"":[]}"
5_0000000000000000000b,149089,2124.819607843138,Provincia de Mendoza,Mendoza,2005.0,"{""type"":""MultiPoint"",""coordinates"":[]}"
5_0000000000000000000c,78389,1464.6941176470589,Provincia de Entre Ríos,Entre Ríos,2005.0,"{""type"":""MultiPoint"",""coordinates"":[]}"
5_0000000000000000000d,88371,370.91372549019604,Provincia de San Juan,San Juan,2005.0,"{""type"":""MultiPoint"",""coordinates"":[]}"
5_0000000000000000000e,53240,3160.5333333333333,Provincia de Jujuy,Jujuy,2005.0,"{""type"":""MultiPoint"",""coordinates"":[]}"
5_0000000000000000000f,136990,14874.23137254902,Provincia de Santiago del Estero,Santiago del Estero,2005.0,"{""type"":""MultiPoint"",""coordinates"":[]}"
5_00000000000000000010,202225,6071.282352941175,Provincia de Río Negro,Río Negro,2005.0,"{""type"":""MultiPoint"",""coordinates"":[]}"
5_00000000000000000011,89125,25853.14117647059,Provincia de Corrientes,Corrientes,2005.0,"{""type"":""MultiPoint"",""coordinates"":[]}"
5_00000000000000000012,29907,408.28235294117644,Provincia de Misiones,Misiones,2005.0,"{""type"":""MultiPoint"",""coordinates"":[]}"
5_00000000000000000013,155369,11446.372549019608,Provincia de Salta,Salta,2005.0,"{""type"":""MultiPoint"",""coordinates"":[]}"
5_00000000000000000014,164670,3348.035294117647,Provincia de Córdoba,Córdoba,2005.0,"{""type"":""MultiPoint"",""coordinates"":[]}"
5_00000000000000000015,306127,6050.086274509804,Provincia de Buenos Aires,Buenos Aires,2005.0,"{""type"":""MultiPoint"",""coordinates"":[]}"
5_00000000000000000016,143211,10227.101960784315,Provincia de La Pampa,La Pampa,2005.0,"{""type"":""MultiPoint"",""coordinates"":[]}"
5_00000000000000000017,32820,0.0,"Provincia de Tierra del Fuego, Antártida e Islas del Atlántico Sur","Tierra del Fuego, Antártida e Islas del Atlántico Sur",2005.0,"{""type"":""MultiPoint"",""coordinates"":[]}"
6_00000000000000000000,206,0.0,Ciudad Autónoma de Buenos Aires,Ciudad Autónoma de Buenos Aires,2006.0,"{""type"":""MultiPoint"",""coordinates"":[]}"
6_00000000000000000001,94365,1616.164705882353,Provincia del Neuquén,Neuquén,2006.0,"{""type"":""MultiPoint"",""coordinates"":[]}"
6_00000000000000000002,75564,5756.541176470588,Provincia de San Luis,San Luis,2006.0,"{""type"":""MultiPoint"",""coordinates"":[]}"
6_00000000000000000003,133296,29939.462745098055,Provincia de Santa Fe,Santa Fe,2006.0,"{""type"":""MultiPoint"",""coordinates"":[]}"
6_00000000000000000004,91414,368.45882352941175,Provincia de La Rioja,La Rioja,2006.0,"{""type"":""MultiPoint"",""coordinates"":[]}"
6_00000000000000000005,101486,1107.4078431372548,Provincia de Catamarca,Catamarca,2006.0,"{""type"":""MultiPoint"",""coordinates"":[]}"
6_00000000000000000006,22599,5796.396078431372,Provincia de Tucumán,Tucumán,2006.0,"{""type"":""MultiPoint"",""coordinates"":[]}"
6_00000000000000000007,99778,12503.400000000001,Provincia del Chaco,Chaco,2006.0,"{""type"":""MultiPoint"",""coordinates"":[]}"
6_00000000000000000008,75476,15501.678431372551,Provincia de Formosa,Formosa,2006.0,"{""type"":""MultiPoint"",""coordinates"":[]}"
6_00000000000000000009,244386,306.0,Provincia de Santa Cruz,Santa Cruz,2006.0,"{""type"":""MultiPoint"",""coordinates"":[]}"
6_0000000000000000000a,224378,57.52156862745098,Provincia del Chubut,Chubut,2006.0,"{""type"":""MultiPoint"",""coordinates"":[]}"
6_0000000000000000000b,149089,969.3254901960781,Provincia de Mendoza,Mendoza,2006.0,"{""type"":""MultiPoint"",""coordinates"":[]}"
6_0000000000000000000c,78389,11416.847058823532,Provincia de Entre Ríos,Entre Ríos,2006.0,"{""type"":""MultiPoint"",""coordinates"":[]}"
6_0000000000000000000d,88371,303.9490196078431,Provincia de San Juan,San Juan,2006.0,"{""type"":""MultiPoint"",""coordinates"":[]}"
6_0000000000000000000e,53240,2869.1686274509802,Provincia de Jujuy,Jujuy,2006.0,"{""type"":""MultiPoint"",""coordinates"":[]}"
6_0000000000000000000f,136990,23797.33725490196,Provincia de Santiago del Estero,Santiago del Estero,2006.0,"{""type"":""MultiPoint"",""coordinates"":[]}"
6_00000000000000000010,202225,1351.8745098039215,Provincia de Río Negro,Río Negro,2006.0,"{""type"":""MultiPoint"",""coordinates"":[]}"
6_00000000000000000011,89125,24618.36862745098,Provincia de Corrientes,Corrientes,2006.0,"{""type"":""MultiPoint"",""coordinates"":[]}"
6_00000000000000000012,29907,251.9921568627451,Provincia de Misiones,Misiones,2006.0,"{""type"":""MultiPoint"",""coordinates"":[]}"
6_00000000000000000013,155369,10609.901960784315,Provincia de Salta,Salta,2006.0,"{""type"":""MultiPoint"",""coordinates"":[]}"
6_00000000000000000014,164670,6409.137254901961,Provincia de Córdoba,Córdoba,2006.0,"{""type"":""MultiPoint"",""coordinates"":[]}"
6_00000000000000000015,306127,4006.13725490196,Provincia de Buenos Aires,Buenos Aires,2006.0,"{""type"":""MultiPoint"",""coordinates"":[]}"
6_00000000000000000016,143211,6574.407843137253,Provincia de La Pampa,La Pampa,2006.0,"{""type"":""MultiPoint"",""coordinates"":[]}"
6_00000000000000000017,32820,43.509803921568626,"Provincia de Tierra del Fuego, Antártida e Islas del Atlántico Sur","Tierra del Fuego, Antártida e Islas del Atlántico Sur",2006.0,"{""type"":""MultiPoint"",""coordinates"":[]}"
7_00000000000000000000,206,0.0,Ciudad Autónoma de Buenos Aires,Ciudad Autónoma de Buenos Aires,2007.0,"{""type"":""MultiPoint"",""coordinates"":[]}"
7_00000000000000000001,94365,456.4627450980392,Provincia del Neuquén,Neuquén,2007.0,"{""type"":""MultiPoint"",""coordinates"":[]}"
7_00000000000000000002,75564,4150.313725490196,Provincia de San Luis,San Luis,2007.0,"{""type"":""MultiPoint"",""coordinates"":[]}"
7_00000000000000000003,133296,39215.145098039226,Provincia de Santa Fe,Santa Fe,2007.0,"{""type"":""MultiPoint"",""coordinates"":[]}"
7_00000000000000000004,91414,256.4666666666667,Provincia de La Rioja,La Rioja,2007.0,"{""type"":""MultiPoint"",""coordinates"":[]}"
7_00000000000000000005,101486,1281.6235294117648,Provincia de Catamarca,Catamarca,2007.0,"{""type"":""MultiPoint"",""coordinates"":[]}"
7_00000000000000000006,22599,6612.803921568626,Provincia de Tucumán,Tucumán,2007.0,"{""type"":""MultiPoint"",""coordinates"":[]}"
7_00000000000000000007,99778,19243.941176470595,Provincia del Chaco,Chaco,2007.0,"{""type"":""MultiPoint"",""coordinates"":[]}"
7_00000000000000000008,75476,17037.070588235292,Provincia de Formosa,Formosa,2007.0,"{""type"":""MultiPoint"",""coordinates"":[]}"
7_00000000000000000009,244386,252.39999999999998,Provincia de Santa Cruz,Santa Cruz,2007.0,"{""type"":""MultiPoint"",""coordinates"":[]}"
7_0000000000000000000a,224378,272.7686274509804,Provincia del Chubut,Chubut,2007.0,"{""type"":""MultiPoint"",""coordinates"":[]}"
7_0000000000000000000b,149089,1031.6509803921572,Provincia de Mendoza,Mendoza,2007.0,"{""type"":""MultiPoint"",""coordinates"":[]}"
7_0000000000000000000c,78389,658.1529411764706,Provincia de Entre Ríos,Entre Ríos,2007.0,"{""type"":""MultiPoint"",""coordinates"":[]}"
7_0000000000000000000d,88371,34.07450980392157,Provincia de San Juan,San Juan,2007.0,"{""type"":""MultiPoint"",""coordinates"":[]}"
7_0000000000000000000e,53240,2426.101960784314,Provincia de Jujuy,Jujuy,2007.0,"{""type"":""MultiPoint"",""coordinates"":[]}"
7_0000000000000000000f,136990,41716.8588235294,Provincia de Santiago del Estero,Santiago del Estero,2007.0,"{""type"":""MultiPoint"",""coordinates"":[]}"
7_00000000000000000010,202225,657.6039215686275,Provincia de Río Negro,Río Negro,2007.0,"{""type"":""MultiPoint"",""coordinates"":[]}"
7_00000000000000000011,89125,14973.941176470586,Provincia de Corrientes,Corrientes,2007.0,"{""type"":""MultiPoint"",""coordinates"":[]}"
7_00000000000000000012,29907,66.05490196078432,Provincia de Misiones,Misiones,2007.0,"{""type"":""MultiPoint"",""coordinates"":[]}"
7_00000000000000000013,155369,11643.298039215686,Provincia de Salta,Salta,2007.0,"{""type"":""MultiPoint"",""coordinates"":[]}"
7_00000000000000000014,164670,2639.176470588235,Provincia de Córdoba,Córdoba,2007.0,"{""type"":""MultiPoint"",""coordinates"":[]}"
7_00000000000000000015,306127,1845.0,Provincia de Buenos Aires,Buenos Aires,2007.0,"{""type"":""MultiPoint"",""coordinates"":[]}"
7_00000000000000000016,143211,971.1647058823529,Provincia de La Pampa,La Pampa,2007.0,"{""type"":""MultiPoint"",""coordinates"":[]}"
7_00000000000000000017,32820,0.0,"Provincia de Tierra del Fuego, Antártida e Islas del Atlántico Sur","Tierra del Fuego, Antártida e Islas del Atlántico Sur",2007.0,"{""type"":""MultiPoint"",""coordinates"":[]}"
8_00000000000000000000,206,0.0,Ciudad Autónoma de Buenos Aires,Ciudad Autónoma de Buenos Aires,2008.0,"{""type"":""MultiPoint"",""coordinates"":[]}"
8_00000000000000000001,94365,392.7725490196078,Provincia del Neuquén,Neuquén,2008.0,"{""type"":""MultiPoint"",""coordinates"":[]}"
8_00000000000000000002,75564,5700.666666666667,Provincia de San Luis,San Luis,2008.0,"{""type"":""MultiPoint"",""coordinates"":[]}"
8_00000000000000000003,133296,45568.098039215685,Provincia de Santa Fe,Santa Fe,2008.0,"{""type"":""MultiPoint"",""coordinates"":[]}"
8_00000000000000000004,91414,868.6196078431371,Provincia de La Rioja,La Rioja,2008.0,"{""type"":""MultiPoint"",""coordinates"":[]}"
8_00000000000000000005,101486,1168.0980392156864,Provincia de Catamarca,Catamarca,2008.0,"{""type"":""MultiPoint"",""coordinates"":[]}"
8_00000000000000000006,22599,6309.129411764704,Provincia de Tucumán,Tucumán,2008.0,"{""type"":""MultiPoint"",""coordinates"":[]}"
8_00000000000000000007,99778,17926.054901960786,Provincia del Chaco,Chaco,2008.0,"{""type"":""MultiPoint"",""coordinates"":[]}"
8_00000000000000000008,75476,26269.384313725484,Provincia de Formosa,Formosa,2008.0,"{""type"":""MultiPoint"",""coordinates"":[]}"
8_00000000000000000009,244386,1116.0313725490196,Provincia de Santa Cruz,Santa Cruz,2008.0,"{""type"":""MultiPoint"",""coordinates"":[]}"
8_0000000000000000000a,224378,490.5098039215686,Provincia del Chubut,Chubut,2008.0,"{""type"":""MultiPoint"",""coordinates"":[]}"
8_0000000000000000000b,149089,3647.0,Provincia de Mendoza,Mendoza,2008.0,"{""type"":""MultiPoint"",""coordinates"":[]}"
8_0000000000000000000c,78389,22935.10980392156,Provincia de Entre Ríos,Entre Ríos,2008.0,"{""type"":""MultiPoint"",""coordinates"":[]}"
8_0000000000000000000d,88371,104.65882352941176,Provincia de San Juan,San Juan,2008.0,"{""type"":""MultiPoint"",""coordinates"":[]}"
8_0000000000000000000e,53240,2370.392156862745,Provincia de Jujuy,Jujuy,2008.0,"{""type"":""MultiPoint"",""coordinates"":[]}"
8_0000000000000000000f,136990,29769.552941176466,Provincia de Santiago del Estero,Santiago del Estero,2008.0,"{""type"":""MultiPoint"",""coordinates"":[]}"
8_00000000000000000010,202225,445.26666666666665,Provincia de Río Negro,Río Negro,2008.0,"{""type"":""MultiPoint"",""coordinates"":[]}"
8_00000000000000000011,89125,22435.86274509804,Provincia de Corrientes,Corrientes,2008.0,"{""type"":""MultiPoint"",""coordinates"":[]}"
8_00000000000000000012,29907,69.0,Provincia de Misiones,Misiones,2008.0,"{""type"":""MultiPoint"",""coordinates"":[]}"
8_00000000000000000013,155369,13049.513725490193,Provincia de Salta,Salta,2008.0,"{""type"":""MultiPoint"",""coordinates"":[]}"
8_00000000000000000014,164670,7986.815686274511,Provincia de Córdoba,Córdoba,2008.0,"{""type"":""MultiPoint"",""coordinates"":[]}"
8_00000000000000000015,306127,7142.396078431373,Provincia de Buenos Aires,Buenos Aires,2008.0,"{""type"":""MultiPoint"",""coordinates"":[]}"
8_00000000000000000016,143211,5757.541176470583,Provincia de La Pampa,La Pampa,2008.0,"{""type"":""MultiPoint"",""coordinates"":[]}"
8_00000000000000000017,32820,24.0,"Provincia de Tierra del Fuego, Antártida e Islas del Atlántico Sur","Tierra del Fuego, Antártida e Islas del Atlántico Sur",2008.0,"{""type"":""MultiPoint"",""coordinates"":[]}"
9_00000000000000000000,206,4.0,Ciudad Autónoma de Buenos Aires,Ciudad Autónoma de Buenos Aires,2009.0,"{""type"":""MultiPoint"",""coordinates"":[]}"
9_00000000000000000001,94365,811.9333333333334,Provincia del Neuquén,Neuquén,2009.0,"{""type"":""MultiPoint"",""coordinates"":[]}"
9_00000000000000000002,75564,26771.5137254902,Provincia de San Luis,San Luis,2009.0,"{""type"":""MultiPoint"",""coordinates"":[]}"
9_00000000000000000003,133296,14369.305882352946,Provincia de Santa Fe,Santa Fe,2009.0,"{""type"":""MultiPoint"",""coordinates"":[]}"
9_00000000000000000004,91414,374.6392156862745,Provincia de La Rioja,La Rioja,2009.0,"{""type"":""MultiPoint"",""coordinates"":[]}"
9_00000000000000000005,101486,2719.121568627451,Provincia de Catamarca,Catamarca,2009.0,"{""type"":""MultiPoint"",""coordinates"":[]}"
9_00000000000000000006,22599,8376.45882352941,Provincia de Tucumán,Tucumán,2009.0,"{""type"":""MultiPoint"",""coordinates"":[]}"
9_00000000000000000007,99778,10313.39215686274,Provincia del Chaco,Chaco,2009.0,"{""type"":""MultiPoint"",""coordinates"":[]}"
9_00000000000000000008,75476,10569.45490196079,Provincia de Formosa,Formosa,2009.0,"{""type"":""MultiPoint"",""coordinates"":[]}"
9_00000000000000000009,244386,674.7254901960785,Provincia de Santa Cruz,Santa Cruz,2009.0,"{""type"":""MultiPoint"",""coordinates"":[]}"
9_0000000000000000000a,224378,63.0,Provincia del Chubut,Chubut,2009.0,"{""type"":""MultiPoint"",""coordinates"":[]}"
9_0000000000000000000b,149089,836.3843137254902,Provincia de Mendoza,Mendoza,2009.0,"{""type"":""MultiPoint"",""coordinates"":[]}"
9_0000000000000000000c,78389,1804.3764705882354,Provincia de Entre Ríos,Entre Ríos,2009.0,"{""type"":""MultiPoint"",""coordinates"":[]}"
9_0000000000000000000d,88371,322.49411764705883,Provincia de San Juan,San Juan,2009.0,"{""type"":""MultiPoint"",""coordinates"":[]}"
9_0000000000000000000e,53240,3473.81568627451,Provincia de Jujuy,Jujuy,2009.0,"{""type"":""MultiPoint"",""coordinates"":[]}"
9_0000000000000000000f,136990,15838.03921568628,Provincia de Santiago del Estero,Santiago del Estero,2009.0,"{""type"":""MultiPoint"",""coordinates"":[]}"
9_00000000000000000010,202225,177.0,Provincia de Río Negro,Río Negro,2009.0,"{""type"":""MultiPoint"",""coordinates"":[]}"
9_00000000000000000011,89125,19862.47450980392,Provincia de Corrientes,Corrientes,2009.0,"{""type"":""MultiPoint"",""coordinates"":[]}"
9_00000000000000000012,29907,141.05098039215687,Provincia de Misiones,Misiones,2009.0,"{""type"":""MultiPoint"",""coordinates"":[]}"
9_00000000000000000013,155369,14368.564705882352,Provincia de Salta,Salta,2009.0,"{""type"":""MultiPoint"",""coordinates"":[]}"
9_00000000000000000014,164670,9894.580392156866,Provincia de Córdoba,Córdoba,2009.0,"{""type"":""MultiPoint"",""coordinates"":[]}"
9_00000000000000000015,306127,2423.407843137255,Provincia de Buenos Aires,Buenos Aires,2009.0,"{""type"":""MultiPoint"",""coordinates"":[]}"
9_00000000000000000016,143211,5708.258823529412,Provincia de La Pampa,La Pampa,2009.0,"{""type"":""MultiPoint"",""coordinates"":[]}"
9_00000000000000000017,32820,0.0,"Provincia de Tierra del Fuego, Antártida e Islas del Atlántico Sur","Tierra del Fuego, Antártida e Islas del Atlántico Sur",2009.0,"{""type"":""MultiPoint"",""coordinates"":[]}"
10_00000000000000000000,206,0.0,Ciudad Autónoma de Buenos Aires,Ciudad Autónoma de Buenos Aires,2010.0,"{""type"":""MultiPoint"",""coordinates"":[]}"
10_00000000000000000001,94365,694.070588235294,Provincia del Neuquén,Neuquén,2010.0,"{""type"":""MultiPoint"",""coordinates"":[]}"
10_00000000000000000002,75564,3799.2627450980385,Provincia de San Luis,San Luis,2010.0,"{""type"":""MultiPoint"",""coordinates"":[]}"
10_00000000000000000003,133296,24024.219607843148,Provincia de Santa Fe,Santa Fe,2010.0,"{""type"":""MultiPoint"",""coordinates"":[]}"
10_00000000000000000004,91414,762.2745098039215,Provincia de La Rioja,La Rioja,2010.0,"{""type"":""MultiPoint"",""coordinates"":[]}"
10_00000000000000000005,101486,2117.4862745098035,Provincia de Catamarca,Catamarca,2010.0,"{""type"":""MultiPoint"",""coordinates"":[]}"
10_00000000000000000006,22599,4034.4705882352946,Provincia de Tucumán,Tucumán,2010.0,"{""type"":""MultiPoint"",""coordinates"":[]}"
10_00000000000000000007,99778,6930.082352941177,Provincia del Chaco,Chaco,2010.0,"{""type"":""MultiPoint"",""coordinates"":[]}"
10_00000000000000000008,75476,16761.807843137252,Provincia de Formosa,Formosa,2010.0,"{""type"":""MultiPoint"",""coordinates"":[]}"
10_00000000000000000009,244386,36.0,Provincia de Santa Cruz,Santa Cruz,2010.0,"{""type"":""MultiPoint"",""coordinates"":[]}"
10_0000000000000000000a,224378,0.0,Provincia del Chubut,Chubut,2010.0,"{""type"":""MultiPoint"",""coordinates"":[]}"
10_0000000000000000000b,149089,1468.0,Provincia de Mendoza,Mendoza,2010.0,"{""type"":""MultiPoint"",""coordinates"":[]}"
10_0000000000000000000c,78389,836.0274509803922,Provincia de Entre Ríos,Entre Ríos,2010.0,"{""type"":""MultiPoint"",""coordinates"":[]}"
10_0000000000000000000d,88371,285.38823529411764,Provincia de San Juan,San Juan,2010.0,"{""type"":""MultiPoint"",""coordinates"":[]}"
10_0000000000000000000e,53240,3177.3333333333335,Provincia de Jujuy,Jujuy,2010.0,"{""type"":""MultiPoint"",""coordinates"":[]}"
10_0000000000000000000f,136990,24143.21568627451,Provincia de Santiago del Estero,Santiago del Estero,2010.0,"{""type"":""MultiPoint"",""coordinates"":[]}"
10_00000000000000000010,202225,28.0,Provincia de Río Negro,Río Negro,2010.0,"{""type"":""MultiPoint"",""coordinates"":[]}"
10_00000000000000000011,89125,8664.839215686276,Provincia de Corrientes,Corrientes,2010.0,"{""type"":""MultiPoint"",""coordinates"":[]}"
10_00000000000000000012,29907,31.745098039215684,Provincia de Misiones,Misiones,2010.0,"{""type"":""MultiPoint"",""coordinates"":[]}"
10_00000000000000000013,155369,13414.176470588234,Provincia de Salta,Salta,2010.0,"{""type"":""MultiPoint"",""coordinates"":[]}"
10_00000000000000000014,164670,1931.349019607843,Provincia de Córdoba,Córdoba,2010.0,"{""type"":""MultiPoint"",""coordinates"":[]}"
10_00000000000000000015,306127,813.086274509804,Provincia de Buenos Aires,Buenos Aires,2010.0,"{""type"":""MultiPoint"",""coordinates"":[]}"
10_00000000000000000016,143211,1329.0,Provincia de La Pampa,La Pampa,2010.0,"{""type"":""MultiPoint"",""coordinates"":[]}"
10_00000000000000000017,32820,0.0,"Provincia de Tierra del Fuego, Antártida e Islas del Atlántico Sur","Tierra del Fuego, Antártida e Islas del Atlántico Sur",2010.0,"{""type"":""MultiPoint"",""coordinates"":[]}"
11_00000000000000000000,206,0.0,Ciudad Autónoma de Buenos Aires,Ciudad Autónoma de Buenos Aires,2011.0,"{""type"":""MultiPoint"",""coordinates"":[]}"
11_00000000000000000001,94365,1049.556862745098,Provincia del Neuquén,Neuquén,2011.0,"{""type"":""MultiPoint"",""coordinates"":[]}"
11_00000000000000000002,75564,4870.517647058824,Provincia de San Luis,San Luis,2011.0,"{""type"":""MultiPoint"",""coordinates"":[]}"
11_00000000000000000003,133296,37191.42745098041,Provincia de Santa Fe,Santa Fe,2011.0,"{""type"":""MultiPoint"",""coordinates"":[]}"
11_00000000000000000004,91414,97.85490196078432,Provincia de La Rioja,La Rioja,2011.0,"{""type"":""MultiPoint"",""coordinates"":[]}"
11_00000000000000000005,101486,675.8392156862744,Provincia de Catamarca,Catamarca,2011.0,"{""type"":""MultiPoint"",""coordinates"":[]}"
11_00000000000000000006,22599,5637.631372549019,Provincia de Tucumán,Tucumán,2011.0,"{""type"":""MultiPoint"",""coordinates"":[]}"
11_00000000000000000007,99778,10422.011764705885,Provincia del Chaco,Chaco,2011.0,"{""type"":""MultiPoint"",""coordinates"":[]}"
11_00000000000000000008,75476,20446.698039215677,Provincia de Formosa,Formosa,2011.0,"{""type"":""MultiPoint"",""coordinates"":[]}"
11_00000000000000000009,244386,607.0,Provincia de Santa Cruz,Santa Cruz,2011.0,"{""type"":""MultiPoint"",""coordinates"":[]}"
11_0000000000000000000a,224378,221.0,Provincia del Chubut,Chubut,2011.0,"{""type"":""MultiPoint"",""coordinates"":[]}"
11_0000000000000000000b,149089,736.1803921568627,Provincia de Mendoza,Mendoza,2011.0,"{""type"":""MultiPoint"",""coordinates"":[]}"
11_0000000000000000000c,78389,1759.4431372549022,Provincia de Entre Ríos,Entre Ríos,2011.0,"{""type"":""MultiPoint"",""coordinates"":[]}"
11_0000000000000000000d,88371,63.23529411764706,Provincia de San Juan,San Juan,2011.0,"{""type"":""MultiPoint"",""coordinates"":[]}"
11_0000000000000000000e,53240,2065.98431372549,Provincia de Jujuy,Jujuy,2011.0,"{""type"":""MultiPoint"",""coordinates"":[]}"
11_0000000000000000000f,136990,26207.19607843137,Provincia de Santiago del Estero,Santiago del Estero,2011.0,"{""type"":""MultiPoint"",""coordinates"":[]}"
11_00000000000000000010,202225,131.27450980392157,Provincia de Río Negro,Río Negro,2011.0,"{""type"":""MultiPoint"",""coordinates"":[]}"
11_00000000000000000011,89125,14961.450980392157,Provincia de Corrientes,Corrientes,2011.0,"{""type"":""MultiPoint"",""coordinates"":[]}"
11_00000000000000000012,29907,145.0,Provincia de Misiones,Misiones,2011.0,"{""type"":""MultiPoint"",""coordinates"":[]}"
11_00000000000000000013,155369,9168.580392156862,Provincia de Salta,Salta,2011.0,"{""type"":""MultiPoint"",""coordinates"":[]}"
11_00000000000000000014,164670,4981.247058823529,Provincia de Córdoba,Córdoba,2011.0,"{""type"":""MultiPoint"",""coordinates"":[]}"
11_00000000000000000015,306127,2809.564705882353,Provincia de Buenos Aires,Buenos Aires,2011.0,"{""type"":""MultiPoint"",""coordinates"":[]}"
11_00000000000000000016,143211,4230.082352941176,Provincia de La Pampa,La Pampa,2011.0,"{""type"":""MultiPoint"",""coordinates"":[]}"
11_00000000000000000017,32820,115.69411764705882,"Provincia de Tierra del Fuego, Antártida e Islas del Atlántico Sur","Tierra del Fuego, Antártida e Islas del Atlántico Sur",2011.0,"{""type"":""MultiPoint"",""coordinates"":[]}"
12_00000000000000000000,206,0.0,Ciudad Autónoma de Buenos Aires,Ciudad Autónoma de Buenos Aires,2012.0,"{""type"":""MultiPoint"",""coordinates"":[]}"
12_00000000000000000001,94365,1181.3294117647058,Provincia del Neuquén,Neuquén,2012.0,"{""type"":""MultiPoint"",""coordinates"":[]}"
12_00000000000000000002,75564,5488.584313725491,Provincia de San Luis,San Luis,2012.0,"{""type"":""MultiPoint"",""coordinates"":[]}"
12_00000000000000000003,133296,20915.7843137255,Provincia de Santa Fe,Santa Fe,2012.0,"{""type"":""MultiPoint"",""coordinates"":[]}"
12_00000000000000000004,91414,32.0,Provincia de La Rioja,La Rioja,2012.0,"{""type"":""MultiPoint"",""coordinates"":[]}"
12_00000000000000000005,101486,379.0078431372549,Provincia de Catamarca,Catamarca,2012.0,"{""type"":""MultiPoint"",""coordinates"":[]}"
12_00000000000000000006,22599,3155.329411764706,Provincia de Tucumán,Tucumán,2012.0,"{""type"":""MultiPoint"",""coordinates"":[]}"
12_00000000000000000007,99778,12603.858823529417,Provincia del Chaco,Chaco,2012.0,"{""type"":""MultiPoint"",""coordinates"":[]}"
12_00000000000000000008,75476,25674.764705882353,Provincia de Formosa,Formosa,2012.0,"{""type"":""MultiPoint"",""coordinates"":[]}"
12_00000000000000000009,244386,148.40392156862745,Provincia de Santa Cruz,Santa Cruz,2012.0,"{""type"":""MultiPoint"",""coordinates"":[]}"
12_0000000000000000000a,224378,472.40000000000003,Provincia del Chubut,Chubut,2012.0,"{""type"":""MultiPoint"",""coordinates"":[]}"
12_0000000000000000000b,149089,1203.0,Provincia de Mendoza,Mendoza,2012.0,"{""type"":""MultiPoint"",""coordinates"":[]}"
12_0000000000000000000c,78389,1367.0039215686274,Provincia de Entre Ríos,Entre Ríos,2012.0,"{""type"":""MultiPoint"",""coordinates"":[]}"
12_0000000000000000000d,88371,429.0,Provincia de San Juan,San Juan,2012.0,"{""type"":""MultiPoint"",""coordinates"":[]}"
12_0000000000000000000e,53240,2476.4274509803913,Provincia de Jujuy,Jujuy,2012.0,"{""type"":""MultiPoint"",""coordinates"":[]}"
12_0000000000000000000f,136990,16751.552941176473,Provincia de Santiago del Estero,Santiago del Estero,2012.0,"{""type"":""MultiPoint"",""coordinates"":[]}"
12_00000000000000000010,202225,244.81176470588233,Provincia de Río Negro,Río Negro,2012.0,"{""type"":""MultiPoint"",""coordinates"":[]}"
12_00000000000000000011,89125,21121.996078431373,Provincia de Corrientes,Corrientes,2012.0,"{""type"":""MultiPoint"",""coordinates"":[]}"
12_00000000000000000012,29907,399.0,Provincia de Misiones,Misiones,2012.0,"{""type"":""MultiPoint"",""coordinates"":[]}"
12_00000000000000000013,155369,10528.686274509804,Provincia de Salta,Salta,2012.0,"{""type"":""MultiPoint"",""coordinates"":[]}"
12_00000000000000000014,164670,2058.1098039215685,Provincia de Córdoba,Córdoba,2012.0,"{""type"":""MultiPoint"",""coordinates"":[]}"
12_00000000000000000015,306127,2775.9686274509804,Provincia de Buenos Aires,Buenos Aires,2012.0,"{""type"":""MultiPoint"",""coordinates"":[]}"
12_00000000000000000016,143211,1594.5647058823529,Provincia de La Pampa,La Pampa,2012.0,"{""type"":""MultiPoint"",""coordinates"":[]}"
12_00000000000000000017,32820,218.0,"Provincia de Tierra del Fuego, Antártida e Islas del Atlántico Sur","Tierra del Fuego, Antártida e Islas del Atlántico Sur",2012.0,"{""type"":""MultiPoint"",""coordinates"":[]}"
13_00000000000000000000,206,0.0,Ciudad Autónoma de Buenos Aires,Ciudad Autónoma de Buenos Aires,2013.0,"{""type"":""MultiPoint"",""coordinates"":[]}"
13_00000000000000000001,94365,299.98039215686276,Provincia del Neuquén,Neuquén,2013.0,"{""type"":""MultiPoint"",""coordinates"":[]}"
13_00000000000000000002,75564,8200.125490196078,Provincia de San Luis,San Luis,2013.0,"{""type"":""MultiPoint"",""coordinates"":[]}"
13_00000000000000000003,133296,27696.788235294127,Provincia de Santa Fe,Santa Fe,2013.0,"{""type"":""MultiPoint"",""coordinates"":[]}"
13_00000000000000000004,91414,94.0,Provincia de La Rioja,La Rioja,2013.0,"{""type"":""MultiPoint"",""coordinates"":[]}"
13_00000000000000000005,101486,666.1450980392158,Provincia de Catamarca,Catamarca,2013.0,"{""type"":""MultiPoint"",""coordinates"":[]}"
13_00000000000000000006,22599,6486.290196078432,Provincia de Tucumán,Tucumán,2013.0,"{""type"":""MultiPoint"",""coordinates"":[]}"
13_00000000000000000007,99778,11037.121568627454,Provincia del Chaco,Chaco,2013.0,"{""type"":""MultiPoint"",""coordinates"":[]}"
13_00000000000000000008,75476,17415.87450980392,Provincia de Formosa,Formosa,2013.0,"{""type"":""MultiPoint"",""coordinates"":[]}"
13_00000000000000000009,244386,560.0,Provincia de Santa Cruz,Santa Cruz,2013.0,"{""type"":""MultiPoint"",""coordinates"":[]}"
13_0000000000000000000a,224378,91.0,Provincia del Chubut,Chubut,2013.0,"{""type"":""MultiPoint"",""coordinates"":[]}"
13_0000000000000000000b,149089,2659.811764705883,Provincia de Mendoza,Mendoza,2013.0,"{""type"":""MultiPoint"",""coordinates"":[]}"
13_0000000000000000000c,78389,1467.5372549019603,Provincia de Entre Ríos,Entre Ríos,2013.0,"{""type"":""MultiPoint"",""coordinates"":[]}"
13_0000000000000000000d,88371,133.66666666666666,Provincia de San Juan,San Juan,2013.0,"{""type"":""MultiPoint"",""coordinates"":[]}"
13_0000000000000000000e,53240,3056.09019607843,Provincia de Jujuy,Jujuy,2013.0,"{""type"":""MultiPoint"",""coordinates"":[]}"
13_0000000000000000000f,136990,12006.466666666665,Provincia de Santiago del Estero,Santiago del Estero,2013.0,"{""type"":""MultiPoint"",""coordinates"":[]}"
13_00000000000000000010,202225,382.74117647058813,Provincia de Río Negro,Río Negro,2013.0,"{""type"":""MultiPoint"",""coordinates"":[]}"
13_00000000000000000011,89125,8771.576470588236,Provincia de Corrientes,Corrientes,2013.0,"{""type"":""MultiPoint"",""coordinates"":[]}"
13_00000000000000000012,29907,180.54901960784315,Provincia de Misiones,Misiones,2013.0,"{""type"":""MultiPoint"",""coordinates"":[]}"
13_00000000000000000013,155369,13189.83137254902,Provincia de Salta,Salta,2013.0,"{""type"":""MultiPoint"",""coordinates"":[]}"
13_00000000000000000014,164670,8385.403921568628,Provincia de Córdoba,Córdoba,2013.0,"{""type"":""MultiPoint"",""coordinates"":[]}"
13_00000000000000000015,306127,2302.7333333333336,Provincia de Buenos Aires,Buenos Aires,2013.0,"{""type"":""MultiPoint"",""coordinates"":[]}"
13_00000000000000000016,143211,4301.9764705882335,Provincia de La Pampa,La Pampa,2013.0,"{""type"":""MultiPoint"",""coordinates"":[]}"
13_00000000000000000017,32820,0.0,"Provincia de Tierra del Fuego, Antártida e Islas del Atlántico Sur","Tierra del Fuego, Antártida e Islas del Atlántico Sur",2013.0,"{""type"":""MultiPoint"",""coordinates"":[]}"
14_00000000000000000000,206,0.0,Ciudad Autónoma de Buenos Aires,Ciudad Autónoma de Buenos Aires,2014.0,"{""type"":""MultiPoint"",""coordinates"":[]}"
14_00000000000000000001,94365,478.7568627450981,Provincia del Neuquén,Neuquén,2014.0,"{""type"":""MultiPoint"",""coordinates"":[]}"
14_00000000000000000002,75564,6234.0,Provincia de San Luis,San Luis,2014.0,"{""type"":""MultiPoint"",""coordinates"":[]}"
14_00000000000000000003,133296,6989.929411764706,Provincia de Santa Fe,Santa Fe,2014.0,"{""type"":""MultiPoint"",""coordinates"":[]}"
14_00000000000000000004,91414,554.2901960784313,Provincia de La Rioja,La Rioja,2014.0,"{""type"":""MultiPoint"",""coordinates"":[]}"
14_00000000000000000005,101486,924.8274509803922,Provincia de Catamarca,Catamarca,2014.0,"{""type"":""MultiPoint"",""coordinates"":[]}"
14_00000000000000000006,22599,3325.309803921569,Provincia de Tucumán,Tucumán,2014.0,"{""type"":""MultiPoint"",""coordinates"":[]}"
14_00000000000000000007,99778,7331.941176470591,Provincia del Chaco,Chaco,2014.0,"{""type"":""MultiPoint"",""coordinates"":[]}"
14_00000000000000000008,75476,14152.054901960779,Provincia de Formosa,Formosa,2014.0,"{""type"":""MultiPoint"",""coordinates"":[]}"
14_00000000000000000009,244386,844.5019607843137,Provincia de Santa Cruz,Santa Cruz,2014.0,"{""type"":""MultiPoint"",""coordinates"":[]}"
14_0000000000000000000a,224378,125.38823529411765,Provincia del Chubut,Chubut,2014.0,"{""type"":""MultiPoint"",""coordinates"":[]}"
14_0000000000000000000b,149089,9396.976470588235,Provincia de Mendoza,Mendoza,2014.0,"{""type"":""MultiPoint"",""coordinates"":[]}"
14_0000000000000000000c,78389,357.8588235294118,Provincia de Entre Ríos,Entre Ríos,2014.0,"{""type"":""MultiPoint"",""coordinates"":[]}"
14_0000000000000000000d,88371,18.0,Provincia de San Juan,San Juan,2014.0,"{""type"":""MultiPoint"",""coordinates"":[]}"
14_0000000000000000000e,53240,1349.8117647058823,Provincia de Jujuy,Jujuy,2014.0,"{""type"":""MultiPoint"",""coordinates"":[]}"
14_0000000000000000000f,136990,9733.30980392157,Provincia de Santiago del Estero,Santiago del Estero,2014.0,"{""type"":""MultiPoint"",""coordinates"":[]}"
14_00000000000000000010,202225,2160.105882352942,Provincia de Río Negro,Río Negro,2014.0,"{""type"":""MultiPoint"",""coordinates"":[]}"
14_00000000000000000011,89125,6933.509803921569,Provincia de Corrientes,Corrientes,2014.0,"{""type"":""MultiPoint"",""coordinates"":[]}"
14_00000000000000000012,29907,25.0,Provincia de Misiones,Misiones,2014.0,"{""type"":""MultiPoint"",""coordinates"":[]}"
14_00000000000000000013,155369,5545.270588235294,Provincia de Salta,Salta,2014.0,"{""type"":""MultiPoint"",""coordinates"":[]}"
14_00000000000000000014,164670,1564.38431372549,Provincia de Córdoba,Córdoba,2014.0,"{""type"":""MultiPoint"",""coordinates"":[]}"
14_00000000000000000015,306127,9937.862745098038,Provincia de Buenos Aires,Buenos Aires,2014.0,"{""type"":""MultiPoint"",""coordinates"":[]}"
14_00000000000000000016,143211,19480.600000000006,Provincia de La Pampa,La Pampa,2014.0,"{""type"":""MultiPoint"",""coordinates"":[]}"
14_00000000000000000017,32820,0.0,"Provincia de Tierra del Fuego, Antártida e Islas del Atlántico Sur","Tierra del Fuego, Antártida e Islas del Atlántico Sur",2014.0,"{""type"":""MultiPoint"",""coordinates"":[]}"
15_00000000000000000000,206,0.0,Ciudad Autónoma de Buenos Aires,Ciudad Autónoma de Buenos Aires,2015.0,"{""type"":""MultiPoint"",""coordinates"":[]}"
15_00000000000000000001,94365,2192.6745098039223,Provincia del Neuquén,Neuquén,2015.0,"{""type"":""MultiPoint"",""coordinates"":[]}"
15_00000000000000000002,75564,2065.8117647058825,Provincia de San Luis,San Luis,2015.0,"{""type"":""MultiPoint"",""coordinates"":[]}"
15_00000000000000000003,133296,23808.63137254903,Provincia de Santa Fe,Santa Fe,2015.0,"{""type"":""MultiPoint"",""coordinates"":[]}"
15_00000000000000000004,91414,625.0627450980392,Provincia de La Rioja,La Rioja,2015.0,"{""type"":""MultiPoint"",""coordinates"":[]}"
15_00000000000000000005,101486,828.9411764705883,Provincia de Catamarca,Catamarca,2015.0,"{""type"":""MultiPoint"",""coordinates"":[]}"
15_00000000000000000006,22599,2011.8627450980393,Provincia de Tucumán,Tucumán,2015.0,"{""type"":""MultiPoint"",""coordinates"":[]}"
15_00000000000000000007,99778,6376.152941176471,Provincia del Chaco,Chaco,2015.0,"{""type"":""MultiPoint"",""coordinates"":[]}"
15_00000000000000000008,75476,12617.976470588232,Provincia de Formosa,Formosa,2015.0,"{""type"":""MultiPoint"",""coordinates"":[]}"
15_00000000000000000009,244386,169.0,Provincia de Santa Cruz,Santa Cruz,2015.0,"{""type"":""MultiPoint"",""coordinates"":[]}"
15_0000000000000000000a,224378,2586.0,Provincia del Chubut,Chubut,2015.0,"{""type"":""MultiPoint"",""coordinates"":[]}"
15_0000000000000000000b,149089,966.0549019607842,Provincia de Mendoza,Mendoza,2015.0,"{""type"":""MultiPoint"",""coordinates"":[]}"
15_0000000000000000000c,78389,839.1411764705882,Provincia de Entre Ríos,Entre Ríos,2015.0,"{""type"":""MultiPoint"",""coordinates"":[]}"
15_0000000000000000000d,88371,109.0,Provincia de San Juan,San Juan,2015.0,"{""type"":""MultiPoint"",""coordinates"":[]}"
15_0000000000000000000e,53240,1561.3098039215686,Provincia de Jujuy,Jujuy,2015.0,"{""type"":""MultiPoint"",""coordinates"":[]}"
15_0000000000000000000f,136990,15022.63529411765,Provincia de Santiago del Estero,Santiago del Estero,2015.0,"{""type"":""MultiPoint"",""coordinates"":[]}"
15_00000000000000000010,202225,6624.219607843135,Provincia de Río Negro,Río Negro,2015.0,"{""type"":""MultiPoint"",""coordinates"":[]}"
15_00000000000000000011,89125,5689.207843137255,Provincia de Corrientes,Corrientes,2015.0,"{""type"":""MultiPoint"",""coordinates"":[]}"
15_00000000000000000012,29907,6.0,Provincia de Misiones,Misiones,2015.0,"{""type"":""MultiPoint"",""coordinates"":[]}"
15_00000000000000000013,155369,5686.266666666666,Provincia de Salta,Salta,2015.0,"{""type"":""MultiPoint"",""coordinates"":[]}"
15_00000000000000000014,164670,2693.3529411764703,Provincia de Córdoba,Córdoba,2015.0,"{""type"":""MultiPoint"",""coordinates"":[]}"
15_00000000000000000015,306127,3451.913725490196,Provincia de Buenos Aires,Buenos Aires,2015.0,"{""type"":""MultiPoint"",""coordinates"":[]}"
15_00000000000000000016,143211,12395.580392156864,Provincia de La Pampa,La Pampa,2015.0,"{""type"":""MultiPoint"",""coordinates"":[]}"
15_00000000000000000017,32820,0.0,"Provincia de Tierra del Fuego, Antártida e Islas del Atlántico Sur","Tierra del Fuego, Antártida e Islas del Atlántico Sur",2015.0,"{""type"":""MultiPoint"",""coordinates"":[]}"
16_00000000000000000000,206,0.0,Ciudad Autónoma de Buenos Aires,Ciudad Autónoma de Buenos Aires,2016.0,"{""type"":""MultiPoint"",""coordinates"":[]}"
16_00000000000000000001,94365,2387.5490196078435,Provincia del Neuquén,Neuquén,2016.0,"{""type"":""MultiPoint"",""coordinates"":[]}"
16_00000000000000000002,75564,7176.525490196078,Provincia de San Luis,San Luis,2016.0,"{""type"":""MultiPoint"",""coordinates"":[]}"
16_00000000000000000003,133296,13626.972549019609,Provincia de Santa Fe,Santa Fe,2016.0,"{""type"":""MultiPoint"",""coordinates"":[]}"
16_00000000000000000004,91414,947.5137254901961,Provincia de La Rioja,La Rioja,2016.0,"{""type"":""MultiPoint"",""coordinates"":[]}"
16_00000000000000000005,101486,1445.549019607843,Provincia de Catamarca,Catamarca,2016.0,"{""type"":""MultiPoint"",""coordinates"":[]}"
16_00000000000000000006,22599,4425.18431372549,Provincia de Tucumán,Tucumán,2016.0,"{""type"":""MultiPoint"",""coordinates"":[]}"
16_00000000000000000007,99778,7710.8941176470635,Provincia del Chaco,Chaco,2016.0,"{""type"":""MultiPoint"",""coordinates"":[]}"
16_00000000000000000008,75476,14827.745098039215,Provincia de Formosa,Formosa,2016.0,"{""type"":""MultiPoint"",""coordinates"":[]}"
16_00000000000000000009,244386,852.0117647058823,Provincia de Santa Cruz,Santa Cruz,2016.0,"{""type"":""MultiPoint"",""coordinates"":[]}"
16_0000000000000000000a,224378,2121.5254901960784,Provincia del Chubut,Chubut,2016.0,"{""type"":""MultiPoint"",""coordinates"":[]}"
16_0000000000000000000b,149089,3187.619607843137,Provincia de Mendoza,Mendoza,2016.0,"{""type"":""MultiPoint"",""coordinates"":[]}"
16_0000000000000000000c,78389,722.8117647058823,Provincia de Entre Ríos,Entre Ríos,2016.0,"{""type"":""MultiPoint"",""coordinates"":[]}"
16_0000000000000000000d,88371,343.0,Provincia de San Juan,San Juan,2016.0,"{""type"":""MultiPoint"",""coordinates"":[]}"
16_0000000000000000000e,53240,1982.81568627451,Provincia de Jujuy,Jujuy,2016.0,"{""type"":""MultiPoint"",""coordinates"":[]}"
16_0000000000000000000f,136990,18955.054901960786,Provincia de Santiago del Estero,Santiago del Estero,2016.0,"{""type"":""MultiPoint"",""coordinates"":[]}"
16_00000000000000000010,202225,26829.341176470563,Provincia de Río Negro,Río Negro,2016.0,"{""type"":""MultiPoint"",""coordinates"":[]}"
16_00000000000000000011,89125,8181.909803921569,Provincia de Corrientes,Corrientes,2016.0,"{""type"":""MultiPoint"",""coordinates"":[]}"
16_00000000000000000012,29907,48.08627450980392,Provincia de Misiones,Misiones,2016.0,"{""type"":""MultiPoint"",""coordinates"":[]}"
16_00000000000000000013,155369,9104.823529411764,Provincia de Salta,Salta,2016.0,"{""type"":""MultiPoint"",""coordinates"":[]}"
16_00000000000000000014,164670,2908.545098039215,Provincia de Córdoba,Córdoba,2016.0,"{""type"":""MultiPoint"",""coordinates"":[]}"
16_00000000000000000015,306127,9547.984313725505,Provincia de Buenos Aires,Buenos Aires,2016.0,"{""type"":""MultiPoint"",""coordinates"":[]}"
16_00000000000000000016,143211,22035.764705882357,Provincia de La Pampa,La Pampa,2016.0,"{""type"":""MultiPoint"",""coordinates"":[]}"
16_00000000000000000017,32820,0.0,"Provincia de Tierra del Fuego, Antártida e Islas del Atlántico Sur","Tierra del Fuego, Antártida e Islas del Atlántico Sur",2016.0,"{""type"":""MultiPoint"",""coordinates"":[]}"
17_00000000000000000000,206,0.0,Ciudad Autónoma de Buenos Aires,Ciudad Autónoma de Buenos Aires,2017.0,"{""type"":""MultiPoint"",""coordinates"":[]}"
17_00000000000000000001,94365,530.8313725490195,Provincia del Neuquén,Neuquén,2017.0,"{""type"":""MultiPoint"",""coordinates"":[]}"
17_00000000000000000002,75564,11010.654901960785,Provincia de San Luis,San Luis,2017.0,"{""type"":""MultiPoint"",""coordinates"":[]}"
17_00000000000000000003,133296,13391.305882352939,Provincia de Santa Fe,Santa Fe,2017.0,"{""type"":""MultiPoint"",""coordinates"":[]}"
17_00000000000000000004,91414,4779.70980392157,Provincia de La Rioja,La Rioja,2017.0,"{""type"":""MultiPoint"",""coordinates"":[]}"
17_00000000000000000005,101486,2771.725490196078,Provincia de Catamarca,Catamarca,2017.0,"{""type"":""MultiPoint"",""coordinates"":[]}"
17_00000000000000000006,22599,5601.81176470588,Provincia de Tucumán,Tucumán,2017.0,"{""type"":""MultiPoint"",""coordinates"":[]}"
17_00000000000000000007,99778,33186.47450980393,Provincia del Chaco,Chaco,2017.0,"{""type"":""MultiPoint"",""coordinates"":[]}"
17_00000000000000000008,75476,40431.768627451005,Provincia de Formosa,Formosa,2017.0,"{""type"":""MultiPoint"",""coordinates"":[]}"
17_00000000000000000009,244386,438.82745098039214,Provincia de Santa Cruz,Santa Cruz,2017.0,"{""type"":""MultiPoint"",""coordinates"":[]}"
17_0000000000000000000a,224378,294.0,Provincia del Chubut,Chubut,2017.0,"{""type"":""MultiPoint"",""coordinates"":[]}"
17_0000000000000000000b,149089,9415.0,Provincia de Mendoza,Mendoza,2017.0,"{""type"":""MultiPoint"",""coordinates"":[]}"
17_0000000000000000000c,78389,424.7098039215685,Provincia de Entre Ríos,Entre Ríos,2017.0,"{""type"":""MultiPoint"",""coordinates"":[]}"
17_0000000000000000000d,88371,851.0,Provincia de San Juan,San Juan,2017.0,"{""type"":""MultiPoint"",""coordinates"":[]}"
17_0000000000000000000e,53240,1896.9411764705883,Provincia de Jujuy,Jujuy,2017.0,"{""type"":""MultiPoint"",""coordinates"":[]}"
17_0000000000000000000f,136990,24519.301960784316,Provincia de Santiago del Estero,Santiago del Estero,2017.0,"{""type"":""MultiPoint"",""coordinates"":[]}"
17_00000000000000000010,202225,20044.352941176465,Provincia de Río Negro,Río Negro,2017.0,"{""type"":""MultiPoint"",""coordinates"":[]}"
17_00000000000000000011,89125,5910.517647058823,Provincia de Corrientes,Corrientes,2017.0,"{""type"":""MultiPoint"",""coordinates"":[]}"
17_00000000000000000012,29907,601.3725490196078,Provincia de Misiones,Misiones,2017.0,"{""type"":""MultiPoint"",""coordinates"":[]}"
17_00000000000000000013,155369,8137.074509803922,Provincia de Salta,Salta,2017.0,"{""type"":""MultiPoint"",""coordinates"":[]}"
17_00000000000000000014,164670,5272.674509803921,Provincia de Córdoba,Córdoba,2017.0,"{""type"":""MultiPoint"",""coordinates"":[]}"
17_00000000000000000015,306127,6217.235294117647,Provincia de Buenos Aires,Buenos Aires,2017.0,"{""type"":""MultiPoint"",""coordinates"":[]}"
17_00000000000000000016,143211,49632.41176470588,Provincia de La Pampa,La Pampa,2017.0,"{""type"":""MultiPoint"",""coordinates"":[]}"
17_00000000000000000017,32820,0.0,"Provincia de Tierra del Fuego, Antártida e Islas del Atlántico Sur","Tierra del Fuego, Antártida e Islas del Atlántico Sur",2017.0,"{""type"":""MultiPoint"",""coordinates"":[]}"
18_00000000000000000000,206,0.0,Ciudad Autónoma de Buenos Aires,Ciudad Autónoma de Buenos Aires,2018.0,"{""type"":""MultiPoint"",""coordinates"":[]}"
18_00000000000000000001,94365,382.06274509803916,Provincia del Neuquén,Neuquén,2018.0,"{""type"":""MultiPoint"",""coordinates"":[]}"
18_00000000000000000002,75564,9448.850980392155,Provincia de San Luis,San Luis,2018.0,"{""type"":""MultiPoint"",""coordinates"":[]}"
18_00000000000000000003,133296,24365.56078431373,Provincia de Santa Fe,Santa Fe,2018.0,"{""type"":""MultiPoint"",""coordinates"":[]}"
18_00000000000000000004,91414,180.0,Provincia de La Rioja,La Rioja,2018.0,"{""type"":""MultiPoint"",""coordinates"":[]}"
18_00000000000000000005,101486,493.05882352941194,Provincia de Catamarca,Catamarca,2018.0,"{""type"":""MultiPoint"",""coordinates"":[]}"
18_00000000000000000006,22599,5407.745098039216,Provincia de Tucumán,Tucumán,2018.0,"{""type"":""MultiPoint"",""coordinates"":[]}"
18_00000000000000000007,99778,7290.890196078431,Provincia del Chaco,Chaco,2018.0,"{""type"":""MultiPoint"",""coordinates"":[]}"
18_00000000000000000008,75476,15605.184313725491,Provincia de Formosa,Formosa,2018.0,"{""type"":""MultiPoint"",""coordinates"":[]}"
18_00000000000000000009,244386,298.0,Provincia de Santa Cruz,Santa Cruz,2018.0,"{""type"":""MultiPoint"",""coordinates"":[]}"
18_0000000000000000000a,224378,237.0,Provincia del Chubut,Chubut,2018.0,"{""type"":""MultiPoint"",""coordinates"":[]}"
18_0000000000000000000b,149089,12112.956862745099,Provincia de Mendoza,Mendoza,2018.0,"{""type"":""MultiPoint"",""coordinates"":[]}"
18_0000000000000000000c,78389,1627.8196078431367,Provincia de Entre Ríos,Entre Ríos,2018.0,"{""type"":""MultiPoint"",""coordinates"":[]}"
18_0000000000000000000d,88371,884.0,Provincia de San Juan,San Juan,2018.0,"{""type"":""MultiPoint"",""coordinates"":[]}"
18_0000000000000000000e,53240,1684.439215686275,Provincia de Jujuy,Jujuy,2018.0,"{""type"":""MultiPoint"",""coordinates"":[]}"
18_0000000000000000000f,136990,11894.184313725491,Provincia de Santiago del Estero,Santiago del Estero,2018.0,"{""type"":""MultiPoint"",""coordinates"":[]}"
18_00000000000000000010,202225,4197.878431372546,Provincia de Río Negro,Río Negro,2018.0,"{""type"":""MultiPoint"",""coordinates"":[]}"
18_00000000000000000011,89125,7008.168627450981,Provincia de Corrientes,Corrientes,2018.0,"{""type"":""MultiPoint"",""coordinates"":[]}"
18_00000000000000000012,29907,78.0,Provincia de Misiones,Misiones,2018.0,"{""type"":""MultiPoint"",""coordinates"":[]}"
18_00000000000000000013,155369,5888.094117647058,Provincia de Salta,Salta,2018.0,"{""type"":""MultiPoint"",""coordinates"":[]}"
18_00000000000000000014,164670,1636.6196078431371,Provincia de Córdoba,Córdoba,2018.0,"{""type"":""MultiPoint"",""coordinates"":[]}"
18_00000000000000000015,306127,4723.15294117647,Provincia de Buenos Aires,Buenos Aires,2018.0,"{""type"":""MultiPoint"",""coordinates"":[]}"
18_00000000000000000016,143211,39843.44313725491,Provincia de La Pampa,La Pampa,2018.0,"{""type"":""MultiPoint"",""coordinates"":[]}"
18_00000000000000000017,32820,0.0,"Provincia de Tierra del Fuego, Antártida e Islas del Atlántico Sur","Tierra del Fuego, Antártida e Islas del Atlántico Sur",2018.0,"{""type"":""MultiPoint"",""coordinates"":[]}"
19_00000000000000000000,206,0.0,Ciudad Autónoma de Buenos Aires,Ciudad Autónoma de Buenos Aires,2019.0,"{""type"":""MultiPoint"",""coordinates"":[]}"
19_00000000000000000001,94365,1696.9019607843138,Provincia del Neuquén,Neuquén,2019.0,"{""type"":""MultiPoint"",""coordinates"":[]}"
19_00000000000000000002,75564,4261.870588235294,Provincia de San Luis,San Luis,2019.0,"{""type"":""MultiPoint"",""coordinates"":[]}"
19_00000000000000000003,133296,7848.862745098039,Provincia de Santa Fe,Santa Fe,2019.0,"{""type"":""MultiPoint"",""coordinates"":[]}"
19_00000000000000000004,91414,429.0,Provincia de La Rioja,La Rioja,2019.0,"{""type"":""MultiPoint"",""coordinates"":[]}"
19_00000000000000000005,101486,866.478431372549,Provincia de Catamarca,Catamarca,2019.0,"{""type"":""MultiPoint"",""coordinates"":[]}"
19_00000000000000000006,22599,2317.2196078431366,Provincia de Tucumán,Tucumán,2019.0,"{""type"":""MultiPoint"",""coordinates"":[]}"
19_00000000000000000007,99778,9714.019607843138,Provincia del Chaco,Chaco,2019.0,"{""type"":""MultiPoint"",""coordinates"":[]}"
19_00000000000000000008,75476,15778.380392156865,Provincia de Formosa,Formosa,2019.0,"{""type"":""MultiPoint"",""coordinates"":[]}"
19_00000000000000000009,244386,392.0,Provincia de Santa Cruz,Santa Cruz,2019.0,"{""type"":""MultiPoint"",""coordinates"":[]}"
19_0000000000000000000a,224378,695.6901960784314,Provincia del Chubut,Chubut,2019.0,"{""type"":""MultiPoint"",""coordinates"":[]}"
19_0000000000000000000b,149089,2806.3411764705884,Provincia de Mendoza,Mendoza,2019.0,"{""type"":""MultiPoint"",""coordinates"":[]}"
19_0000000000000000000c,78389,977.5098039215686,Provincia de Entre Ríos,Entre Ríos,2019.0,"{""type"":""MultiPoint"",""coordinates"":[]}"
19_0000000000000000000d,88371,113.47843137254901,Provincia de San Juan,San Juan,2019.0,"{""type"":""MultiPoint"",""coordinates"":[]}"
19_0000000000000000000e,53240,1650.2431372549022,Provincia de Jujuy,Jujuy,2019.0,"{""type"":""MultiPoint"",""coordinates"":[]}"
19_0000000000000000000f,136990,13436.72156862745,Provincia de Santiago del Estero,Santiago del Estero,2019.0,"{""type"":""MultiPoint"",""coordinates"":[]}"
19_00000000000000000010,202225,4981.399999999998,Provincia de Río Negro,Río Negro,2019.0,"{""type"":""MultiPoint"",""coordinates"":[]}"
19_00000000000000000011,89125,12019.09019607843,Provincia de Corrientes,Corrientes,2019.0,"{""type"":""MultiPoint"",""coordinates"":[]}"
19_00000000000000000012,29907,60.0,Provincia de Misiones,Misiones,2019.0,"{""type"":""MultiPoint"",""coordinates"":[]}"
19_00000000000000000013,155369,6048.639215686274,Provincia de Salta,Salta,2019.0,"{""type"":""MultiPoint"",""coordinates"":[]}"
19_00000000000000000014,164670,2692.9333333333334,Provincia de Córdoba,Córdoba,2019.0,"{""type"":""MultiPoint"",""coordinates"":[]}"
19_00000000000000000015,306127,3597.8941176470585,Provincia de Buenos Aires,Buenos Aires,2019.0,"{""type"":""MultiPoint"",""coordinates"":[]}"
19_00000000000000000016,143211,9434.439215686272,Provincia de La Pampa,La Pampa,2019.0,"{""type"":""MultiPoint"",""coordinates"":[]}"
19_00000000000000000017,32820,0.0,"Provincia de Tierra del Fuego, Antártida e Islas del Atlántico Sur","Tierra del Fuego, Antártida e Islas del Atlántico Sur",2019.0,"{""type"":""MultiPoint"",""coordinates"":[]}"
20_00000000000000000000,206,0.0,Ciudad Autónoma de Buenos Aires,Ciudad Autónoma de Buenos Aires,2020.0,"{""type"":""MultiPoint"",""coordinates"":[]}"
20_00000000000000000001,94365,1786.7725490196078,Provincia del Neuquén,Neuquén,2020.0,"{""type"":""MultiPoint"",""coordinates"":[]}"
20_00000000000000000002,75564,11920.31764705882,Provincia de San Luis,San Luis,2020.0,"{""type"":""MultiPoint"",""coordinates"":[]}"
20_00000000000000000003,133296,55673.3843137255,Provincia de Santa Fe,Santa Fe,2020.0,"{""type"":""MultiPoint"",""coordinates"":[]}"
20_00000000000000000004,91414,389.0,Provincia de La Rioja,La Rioja,2020.0,"{""type"":""MultiPoint"",""coordinates"":[]}"
20_00000000000000000005,101486,2057.8470588235296,Provincia de Catamarca,Catamarca,2020.0,"{""type"":""MultiPoint"",""coordinates"":[]}"
20_00000000000000000006,22599,4896.329411764707,Provincia de Tucumán,Tucumán,2020.0,"{""type"":""MultiPoint"",""coordinates"":[]}"
20_00000000000000000007,99778,27456.513725490193,Provincia del Chaco,Chaco,2020.0,"{""type"":""MultiPoint"",""coordinates"":[]}"
20_00000000000000000008,75476,45288.615686274556,Provincia de Formosa,Formosa,2020.0,"{""type"":""MultiPoint"",""coordinates"":[]}"
20_00000000000000000009,244386,438.9764705882353,Provincia de Santa Cruz,Santa Cruz,2020.0,"{""type"":""MultiPoint"",""coordinates"":[]}"
20_0000000000000000000a,224378,778.686274509804,Provincia del Chubut,Chubut,2020.0,"{""type"":""MultiPoint"",""coordinates"":[]}"
20_0000000000000000000b,149089,1277.007843137255,Provincia de Mendoza,Mendoza,2020.0,"{""type"":""MultiPoint"",""coordinates"":[]}"
20_0000000000000000000c,78389,15711.172549019619,Provincia de Entre Ríos,Entre Ríos,2020.0,"{""type"":""MultiPoint"",""coordinates"":[]}"
20_0000000000000000000d,88371,243.0,Provincia de San Juan,San Juan,2020.0,"{""type"":""MultiPoint"",""coordinates"":[]}"
20_0000000000000000000e,53240,2711.552941176471,Provincia de Jujuy,Jujuy,2020.0,"{""type"":""MultiPoint"",""coordinates"":[]}"
20_0000000000000000000f,136990,26421.8705882353,Provincia de Santiago del Estero,Santiago del Estero,2020.0,"{""type"":""MultiPoint"",""coordinates"":[]}"
20_00000000000000000010,202225,2594.3058823529404,Provincia de Río Negro,Río Negro,2020.0,"{""type"":""MultiPoint"",""coordinates"":[]}"
20_00000000000000000011,89125,28619.513725490193,Provincia de Corrientes,Corrientes,2020.0,"{""type"":""MultiPoint"",""coordinates"":[]}"
20_00000000000000000012,29907,341.03921568627453,Provincia de Misiones,Misiones,2020.0,"{""type"":""MultiPoint"",""coordinates"":[]}"
20_00000000000000000013,155369,10238.356862745097,Provincia de Salta,Salta,2020.0,"{""type"":""MultiPoint"",""coordinates"":[]}"
20_00000000000000000014,164670,18305.2,Provincia de Córdoba,Córdoba,2020.0,"{""type"":""MultiPoint"",""coordinates"":[]}"
20_00000000000000000015,306127,3214.4117647058824,Provincia de Buenos Aires,Buenos Aires,2020.0,"{""type"":""MultiPoint"",""coordinates"":[]}"
20_00000000000000000016,143211,4339.2941176470595,Provincia de La Pampa,La Pampa,2020.0,"{""type"":""MultiPoint"",""coordinates"":[]}"
20_00000000000000000017,32820,0.0,"Provincia de Tierra del Fuego, Antártida e Islas del Atlántico Sur","Tierra del Fuego, Antártida e Islas del Atlántico Sur",2020.0,"{""type"":""MultiPoint"",""coordinates"":[]}"
21_00000000000000000000,206,0.0,Ciudad Autónoma de Buenos Aires,Ciudad Autónoma de Buenos Aires,2021.0,"{""type"":""MultiPoint"",""coordinates"":[]}"
21_00000000000000000001,94365,379.84313725490193,Provincia del Neuquén,Neuquén,2021.0,"{""type"":""MultiPoint"",""coordinates"":[]}"
21_00000000000000000002,75564,3644.6470588235297,Provincia de San Luis,San Luis,2021.0,"{""type"":""MultiPoint"",""coordinates"":[]}"
21_00000000000000000003,133296,26053.05882352942,Provincia de Santa Fe,Santa Fe,2021.0,"{""type"":""MultiPoint"",""coordinates"":[]}"
21_00000000000000000004,91414,1056.4313725490197,Provincia de La Rioja,La Rioja,2021.0,"{""type"":""MultiPoint"",""coordinates"":[]}"
21_00000000000000000005,101486,826.2823529411764,Provincia de Catamarca,Catamarca,2021.0,"{""type"":""MultiPoint"",""coordinates"":[]}"
21_00000000000000000006,22599,3767.9254901960794,Provincia de Tucumán,Tucumán,2021.0,"{""type"":""MultiPoint"",""coordinates"":[]}"
21_00000000000000000007,99778,7118.580392156863,Provincia del Chaco,Chaco,2021.0,"{""type"":""MultiPoint"",""coordinates"":[]}"
21_00000000000000000008,75476,19473.196078431363,Provincia de Formosa,Formosa,2021.0,"{""type"":""MultiPoint"",""coordinates"":[]}"
21_00000000000000000009,244386,173.0,Provincia de Santa Cruz,Santa Cruz,2021.0,"{""type"":""MultiPoint"",""coordinates"":[]}"
21_0000000000000000000a,224378,991.3803921568627,Provincia del Chubut,Chubut,2021.0,"{""type"":""MultiPoint"",""coordinates"":[]}"
21_0000000000000000000b,149089,960.0,Provincia de Mendoza,Mendoza,2021.0,"{""type"":""MultiPoint"",""coordinates"":[]}"
21_0000000000000000000c,78389,5101.70980392157,Provincia de Entre Ríos,Entre Ríos,2021.0,"{""type"":""MultiPoint"",""coordinates"":[]}"
21_0000000000000000000d,88371,93.72941176470587,Provincia de San Juan,San Juan,2021.0,"{""type"":""MultiPoint"",""coordinates"":[]}"
21_0000000000000000000e,53240,1092.6862745098038,Provincia de Jujuy,Jujuy,2021.0,"{""type"":""MultiPoint"",""coordinates"":[]}"
21_0000000000000000000f,136990,14924.498039215692,Provincia de Santiago del Estero,Santiago del Estero,2021.0,"{""type"":""MultiPoint"",""coordinates"":[]}"
21_00000000000000000010,202225,1662.2117647058826,Provincia de Río Negro,Río Negro,2021.0,"{""type"":""MultiPoint"",""coordinates"":[]}"
21_00000000000000000011,89125,9920.282352941174,Provincia de Corrientes,Corrientes,2021.0,"{""type"":""MultiPoint"",""coordinates"":[]}"
21_00000000000000000012,29907,68.90196078431373,Provincia de Misiones,Misiones,2021.0,"{""type"":""MultiPoint"",""coordinates"":[]}"
21_00000000000000000013,155369,5345.992156862745,Provincia de Salta,Salta,2021.0,"{""type"":""MultiPoint"",""coordinates"":[]}"
21_00000000000000000014,164670,4561.376470588235,Provincia de Córdoba,Córdoba,2021.0,"{""type"":""MultiPoint"",""coordinates"":[]}"
21_00000000000000000015,306127,2581.0470588235294,Provincia de Buenos Aires,Buenos Aires,2021.0,"{""type"":""MultiPoint"",""coordinates"":[]}"
21_00000000000000000016,143211,2141.635294117647,Provincia de La Pampa,La Pampa,2021.0,"{""type"":""MultiPoint"",""coordinates"":[]}"
21_00000000000000000017,32820,0.0,"Provincia de Tierra del Fuego, Antártida e Islas del Atlántico Sur","Tierra del Fuego, Antártida e Islas del Atlántico Sur",2021.0,"{""type"":""MultiPoint"",""coordinates"":[]}"
22_00000000000000000000,206,0.0,Ciudad Autónoma de Buenos Aires,Ciudad Autónoma de Buenos Aires,2022.0,"{""type"":""MultiPoint"",""coordinates"":[]}"
22_00000000000000000001,94365,327.94117647058823,Provincia del Neuquén,Neuquén,2022.0,"{""type"":""MultiPoint"",""coordinates"":[]}"
22_00000000000000000002,75564,9947.913725490194,Provincia de San Luis,San Luis,2022.0,"{""type"":""MultiPoint"",""coordinates"":[]}"
22_00000000000000000003,133296,30490.43529411764,Provincia de Santa Fe,Santa Fe,2022.0,"{""type"":""MultiPoint"",""coordinates"":[]}"
22_00000000000000000004,91414,2009.1882352941175,Provincia de La Rioja,La Rioja,2022.0,"{""type"":""MultiPoint"",""coordinates"":[]}"
22_00000000000000000005,101486,1265.9450980392157,Provincia de Catamarca,Catamarca,2022.0,"{""type"":""MultiPoint"",""coordinates"":[]}"
22_00000000000000000006,22599,3341.0784313725494,Provincia de Tucumán,Tucumán,2022.0,"{""type"":""MultiPoint"",""coordinates"":[]}"
22_00000000000000000007,99778,9488.415686274508,Provincia del Chaco,Chaco,2022.0,"{""type"":""MultiPoint"",""coordinates"":[]}"
22_00000000000000000008,75476,34176.156862745105,Provincia de Formosa,Formosa,2022.0,"{""type"":""MultiPoint"",""coordinates"":[]}"
22_00000000000000000009,244386,449.0,Provincia de Santa Cruz,Santa Cruz,2022.0,"{""type"":""MultiPoint"",""coordinates"":[]}"
22_0000000000000000000a,224378,4555.572549019608,Provincia del Chubut,Chubut,2022.0,"{""type"":""MultiPoint"",""coordinates"":[]}"
22_0000000000000000000b,149089,981.8862745098039,Provincia de Mendoza,Mendoza,2022.0,"{""type"":""MultiPoint"",""coordinates"":[]}"
22_0000000000000000000c,78389,12770.984313725483,Provincia de Entre Ríos,Entre Ríos,2022.0,"{""type"":""MultiPoint"",""coordinates"":[]}"
22_0000000000000000000d,88371,307.81176470588235,Provincia de San Juan,San Juan,2022.0,"{""type"":""MultiPoint"",""coordinates"":[]}"
22_0000000000000000000e,53240,1941.0235294117642,Provincia de Jujuy,Jujuy,2022.0,"{""type"":""MultiPoint"",""coordinates"":[]}"
22_0000000000000000000f,136990,12048.094117647062,Provincia de Santiago del Estero,Santiago del Estero,2022.0,"{""type"":""MultiPoint"",""coordinates"":[]}"
22_00000000000000000010,202225,1002.8431372549019,Provincia de Río Negro,Río Negro,2022.0,"{""type"":""MultiPoint"",""coordinates"":[]}"
22_00000000000000000011,89125,47771.49019607843,Provincia de Corrientes,Corrientes,2022.0,"{""type"":""MultiPoint"",""coordinates"":[]}"
22_00000000000000000012,29907,528.0,Provincia de Misiones,Misiones,2022.0,"{""type"":""MultiPoint"",""coordinates"":[]}"
22_00000000000000000013,155369,13658.30588235294,Provincia de Salta,Salta,2022.0,"{""type"":""MultiPoint"",""coordinates"":[]}"
22_00000000000000000014,164670,4099.266666666666,Provincia de Córdoba,Córdoba,2022.0,"{""type"":""MultiPoint"",""coordinates"":[]}"
22_00000000000000000015,306127,4028.95294117647,Provincia de Buenos Aires,Buenos Aires,2022.0,"{""type"":""MultiPoint"",""coordinates"":[]}"
22_00000000000000000016,143211,8817.572549019616,Provincia de La Pampa,La Pampa,2022.0,"{""type"":""MultiPoint"",""coordinates"":[]}"
22_00000000000000000017,32820,578.3450980392157,"Provincia de Tierra del Fuego, Antártida e Islas del Atlántico Sur","Tierra del Fuego, Antártida e Islas del Atlántico Sur",2022.0,"{""type"":""MultiPoint"",""coordinates"":[]}"
23_00000000000000000000,206,0.0,Ciudad Autónoma de Buenos Aires,Ciudad Autónoma de Buenos Aires,2023.0,"{""type"":""MultiPoint"",""coordinates"":[]}"
23_00000000000000000001,94365,687.5529411764705,Provincia del Neuquén,Neuquén,2023.0,"{""type"":""MultiPoint"",""coordinates"":[]}"
23_00000000000000000002,75564,6862.43137254902,Provincia de San Luis,San Luis,2023.0,"{""type"":""MultiPoint"",""coordinates"":[]}"
23_00000000000000000003,133296,14660.411764705883,Provincia de Santa Fe,Santa Fe,2023.0,"{""type"":""MultiPoint"",""coordinates"":[]}"
23_00000000000000000004,91414,544.3490196078432,Provincia de La Rioja,La Rioja,2023.0,"{""type"":""MultiPoint"",""coordinates"":[]}"
23_00000000000000000005,101486,289.48627450980393,Provincia de Catamarca,Catamarca,2023.0,"{""type"":""MultiPoint"",""coordinates"":[]}"
23_00000000000000000006,22599,2367.435294117647,Provincia de Tucumán,Tucumán,2023.0,"{""type"":""MultiPoint"",""coordinates"":[]}"
23_00000000000000000007,99778,6742.815686274511,Provincia del Chaco,Chaco,2023.0,"{""type"":""MultiPoint"",""coordinates"":[]}"
23_00000000000000000008,75476,15375.035294117644,Provincia de Formosa,Formosa,2023.0,"{""type"":""MultiPoint"",""coordinates"":[]}"
23_00000000000000000009,244386,113.79215686274509,Provincia de Santa Cruz,Santa Cruz,2023.0,"{""type"":""MultiPoint"",""coordinates"":[]}"
23_0000000000000000000a,224378,818.4117647058823,Provincia del Chubut,Chubut,2023.0,"{""type"":""MultiPoint"",""coordinates"":[]}"
23_0000000000000000000b,149089,4444.470588235295,Provincia de Mendoza,Mendoza,2023.0,"{""type"":""MultiPoint"",""coordinates"":[]}"
23_0000000000000000000c,78389,2563.7294117647057,Provincia de Entre Ríos,Entre Ríos,2023.0,"{""type"":""MultiPoint"",""coordinates"":[]}"
23_0000000000000000000d,88371,323.843137254902,Provincia de San Juan,San Juan,2023.0,"{""type"":""MultiPoint"",""coordinates"":[]}"
23_0000000000000000000e,53240,751.6235294117647,Provincia de Jujuy,Jujuy,2023.0,"{""type"":""MultiPoint"",""coordinates"":[]}"
23_0000000000000000000f,136990,6513.188235294116,Provincia de Santiago del Estero,Santiago del Estero,2023.0,"{""type"":""MultiPoint"",""coordinates"":[]}"
23_00000000000000000010,202225,2328.400000000001,Provincia de Río Negro,Río Negro,2023.0,"{""type"":""MultiPoint"",""coordinates"":[]}"
23_00000000000000000011,89125,13196.964705882354,Provincia de Corrientes,Corrientes,2023.0,"{""type"":""MultiPoint"",""coordinates"":[]}"
23_00000000000000000012,29907,28.854901960784314,Provincia de Misiones,Misiones,2023.0,"{""type"":""MultiPoint"",""coordinates"":[]}"
23_00000000000000000013,155369,8571.741176470587,Provincia de Salta,Salta,2023.0,"{""type"":""MultiPoint"",""coordinates"":[]}"
23_00000000000000000014,164670,1992.5019607843133,Provincia de Córdoba,Córdoba,2023.0,"{""type"":""MultiPoint"",""coordinates"":[]}"
23_00000000000000000015,306127,2801.807843137255,Provincia de Buenos Aires,Buenos Aires,2023.0,"{""type"":""MultiPoint"",""coordinates"":[]}"
23_00000000000000000016,143211,4931.57647058824,Provincia de La Pampa,La Pampa,2023.0,"{""type"":""MultiPoint"",""coordinates"":[]}"
23_00000000000000000017,32820,12.627450980392156,"Provincia de Tierra del Fuego, Antártida e Islas del Atlántico Sur","Tierra del Fuego, Antártida e Islas del Atlántico Sur",2023.0,"{""type"":""MultiPoint"",""coordinates"":[]}"
24_00000000000000000000,206,0.0,Ciudad Autónoma de Buenos Aires,Ciudad Autónoma de Buenos Aires,2024.0,"{""type"":""MultiPoint"",""coordinates"":[]}"
24_00000000000000000001,94365,400.6823529411765,Provincia del Neuquén,Neuquén,2024.0,"{""type"":""MultiPoint"",""coordinates"":[]}"
24_00000000000000000002,75564,5494.772549019608,Provincia de San Luis,San Luis,2024.0,"{""type"":""MultiPoint"",""coordinates"":[]}"
24_00000000000000000003,133296,20704.278431372557,Provincia de Santa Fe,Santa Fe,2024.0,"{""type"":""MultiPoint"",""coordinates"":[]}"
24_00000000000000000004,91414,1182.5686274509803,Provincia de La Rioja,La Rioja,2024.0,"{""type"":""MultiPoint"",""coordinates"":[]}"
24_00000000000000000005,101486,521.4941176470588,Provincia de Catamarca,Catamarca,2024.0,"{""type"":""MultiPoint"",""coordinates"":[]}"
24_00000000000000000006,22599,3475.6,Provincia de Tucumán,Tucumán,2024.0,"{""type"":""MultiPoint"",""coordinates"":[]}"
24_00000000000000000007,99778,7590.1529411764695,Provincia del Chaco,Chaco,2024.0,"{""type"":""MultiPoint"",""coordinates"":[]}"
24_00000000000000000008,75476,15878.466666666665,Provincia de Formosa,Formosa,2024.0,"{""type"":""MultiPoint"",""coordinates"":[]}"
24_00000000000000000009,244386,54.0,Provincia de Santa Cruz,Santa Cruz,2024.0,"{""type"":""MultiPoint"",""coordinates"":[]}"
24_0000000000000000000a,224378,570.878431372549,Provincia del Chubut,Chubut,2024.0,"{""type"":""MultiPoint"",""coordinates"":[]}"
24_0000000000000000000b,149089,812.7647058823528,Provincia de Mendoza,Mendoza,2024.0,"{""type"":""MultiPoint"",""coordinates"":[]}"
24_0000000000000000000c,78389,413.5058823529411,Provincia de Entre Ríos,Entre Ríos,2024.0,"{""type"":""MultiPoint"",""coordinates"":[]}"
24_0000000000000000000d,88371,61.65098039215687,Provincia de San Juan,San Juan,2024.0,"{""type"":""MultiPoint"",""coordinates"":[]}"
24_0000000000000000000e,53240,665.3411764705883,Provincia de Jujuy,Jujuy,2024.0,"{""type"":""MultiPoint"",""coordinates"":[]}"
24_0000000000000000000f,136990,7626.141176470585,Provincia de Santiago del Estero,Santiago del Estero,2024.0,"{""type"":""MultiPoint"",""coordinates"":[]}"
24_00000000000000000010,202225,294.121568627451,Provincia de Río Negro,Río Negro,2024.0,"{""type"":""MultiPoint"",""coordinates"":[]}"
24_00000000000000000011,89125,7093.7411764705885,Provincia de Corrientes,Corrientes,2024.0,"{""type"":""MultiPoint"",""coordinates"":[]}"
24_00000000000000000012,29907,37.62352941176471,Provincia de Misiones,Misiones,2024.0,"{""type"":""MultiPoint"",""coordinates"":[]}"
24_00000000000000000013,155369,3261.27843137255,Provincia de Salta,Salta,2024.0,"{""type"":""MultiPoint"",""coordinates"":[]}"
24_00000000000000000014,164670,6262.678431372549,Provincia de Córdoba,Córdoba,2024.0,"{""type"":""MultiPoint"",""coordinates"":[]}"
24_00000000000000000015,306127,772.9843137254902,Provincia de Buenos Aires,Buenos Aires,2024.0,"{""type"":""MultiPoint"",""coordinates"":[]}"
24_00000000000000000016,143211,2662.121568627452,Provincia de La Pampa,La Pampa,2024.0,"{""type"":""MultiPoint"",""coordinates"":[]}"
24_00000000000000000017,32820,0.0,"Provincia de Tierra del Fuego, Antártida e Islas del Atlántico Sur","Tierra del Fuego, Antártida e Islas del Atlántico Sur",2024.0,"{""type"":""MultiPoint"",""coordinates"":[]}"
25_00000000000000000000,206,0.0,Ciudad Autónoma de Buenos Aires,Ciudad Autónoma de Buenos Aires,2025.0,"{""type"":""MultiPoint"",""coordinates"":[]}"
25_00000000000000000001,94365,1054.0,Provincia del Neuquén,Neuquén,2025.0,"{""type"":""MultiPoint"",""coordinates"":[]}"
25_00000000000000000002,75564,2086.529411764706,Provincia de San Luis,San Luis,2025.0,"{""type"":""MultiPoint"",""coordinates"":[]}"
25_00000000000000000003,133296,8593.811764705879,Provincia de Santa Fe,Santa Fe,2025.0,"{""type"":""MultiPoint"",""coordinates"":[]}"
25_00000000000000000004,91414,147.99607843137255,Provincia de La Rioja,La Rioja,2025.0,"{""type"":""MultiPoint"",""coordinates"":[]}"
25_00000000000000000005,101486,291.2117647058823,Provincia de Catamarca,Catamarca,2025.0,"{""type"":""MultiPoint"",""coordinates"":[]}"
25_00000000000000000006,22599,44.0,Provincia de Tucumán,Tucumán,2025.0,"{""type"":""MultiPoint"",""coordinates"":[]}"
25_00000000000000000007,99778,3683.419607843138,Provincia del Chaco,Chaco,2025.0,"{""type"":""MultiPoint"",""coordinates"":[]}"
25_00000000000000000008,75476,5733.650980392155,Provincia de Formosa,Formosa,2025.0,"{""type"":""MultiPoint"",""coordinates"":[]}"
25_00000000000000000009,244386,8.0,Provincia de Santa Cruz,Santa Cruz,2025.0,"{""type"":""MultiPoint"",""coordinates"":[]}"
25_0000000000000000000a,224378,2442.701960784314,Provincia del Chubut,Chubut,2025.0,"{""type"":""MultiPoint"",""coordinates"":[]}"
25_0000000000000000000b,149089,845.6392156862745,Provincia de Mendoza,Mendoza,2025.0,"{""type"":""MultiPoint"",""coordinates"":[]}"
25_0000000000000000000c,78389,437.0,Provincia de Entre Ríos,Entre Ríos,2025.0,"{""type"":""MultiPoint"",""coordinates"":[]}"
25_0000000000000000000d,88371,37.0,Provincia de San Juan,San Juan,2025.0,"{""type"":""MultiPoint"",""coordinates"":[]}"
25_0000000000000000000e,53240,51.0,Provincia de Jujuy,Jujuy,2025.0,"{""type"":""MultiPoint"",""coordinates"":[]}"
25_0000000000000000000f,136990,2000.407843137255,Provincia de Santiago del Estero,Santiago del Estero,2025.0,"{""type"":""MultiPoint"",""coordinates"":[]}"
25_00000000000000000010,202225,667.0,Provincia de Río Negro,Río Negro,2025.0,"{""type"":""MultiPoint"",""coordinates"":[]}"
25_00000000000000000011,89125,8554.831372549019,Provincia de Corrientes,Corrientes,2025.0,"{""type"":""MultiPoint"",""coordinates"":[]}"
25_00000000000000000012,29907,15.0,Provincia de Misiones,Misiones,2025.0,"{""type"":""MultiPoint"",""coordinates"":[]}"
25_00000000000000000013,155369,541.0,Provincia de Salta,Salta,2025.0,"{""type"":""MultiPoint"",""coordinates"":[]}"
25_00000000000000000014,164670,1200.745098039216,Provincia de Córdoba,Córdoba,2025.0,"{""type"":""MultiPoint"",""coordinates"":[]}"
25_00000000000000000015,306127,726.0,Provincia de Buenos Aires,Buenos Aires,2025.0,"{""type"":""MultiPoint"",""coordinates"":[]}"
25_00000000000000000016,143211,1116.5764705882339,Provincia de La Pampa,La Pampa,2025.0,"{""type"":""MultiPoint"",""coordinates"":[]}"
25_00000000000000000017,32820,0.0,"Provincia de Tierra del Fuego, Antártida e Islas del Atlántico Sur","Tierra del Fuego, Antártida e Islas del Atlántico Sur",2025.0,"{""type"":""MultiPoint"",""coordinates"":[]}"
